Pulsar,Model,Max freq (MHz),S5000 (mJy),S10000 (mJy),u_S5000 (mJy),u_S10000 (mJy)
J0014+4746,SPL,1408.0,0.4237567840291842,0.2078730145084126,1.1106429427561084,0.6421664552514408
J0026+6320,SPL,1400.0,0.2433879630405302,0.1112405470032294,0.186339658776222,0.1087400220117718
J0040+5716,SPL,1606.0,0.1123891977273161,0.038928132200463,0.0293843692713626,0.0133742322768573
J0051+0423,SPL,1360.0,0.1199991825235175,0.0560347739317506,0.0466043287720807,0.0268074373650357
J0055+5117,SPL,1408.0,0.9489910682122122,0.7172578525293782,0.5324280828582856,0.5895341477314255
J0056+4756,SPL,408.0,0.2807218738091077,0.1503954735991394,0.1295884669557198,0.0833543572983391
J0102+6537,SPL,1606.0,0.4215657696382517,0.2487810334352686,0.1494184160606585,0.1148035964161941
J0108+6905,SPL,1408.0,0.0944950868360254,0.0450573436249778,0.0762354591081229,0.0462360701295803
J0134-2937,SPL,1360.0,2.6883670912666866,2.0642528160375817,1.1878162648910202,1.145869233837017
J0139+5814,BPL,1606.0,0.9989048517869948,0.407420393910323,,
J0141+6009,LFTO,1408.0,0.6355805954640267,0.1981963290008452,0.4832477128053589,0.2142313206156523
J0147+5922,BPL,4920.0,0.9089247574094425,0.6135971011020814,0.042745390058074,0.0678283559969239
J0152-1637,LFTO,1440.0,0.2661808168616287,0.0835978932303787,0.0866025682552761,0.0328543821816385
J0156+3949,SPL,408.0,2.38413261774578,2.155308201231773,4.01386653396555,4.532236349703308
J0157+6212,SPL,1408.0,0.9413332896921488,0.6435363611067181,0.3716344167665033,0.3242006075436605
J0206-4028,SPL,1440.0,0.1035703947464565,0.030299685629679,0.0368793131868336,0.0135679626764807
J0212+5222,SPL,1400.0,0.396835647103554,0.2779206844328437,0.7103226307331407,0.6332172722158408
J0215+6218,SPL,1400.0,3.382896681479592,2.4825287295894505,4.670687422447588,3.92135650350227
J0231+7026,SPL,1408.0,0.060886438697835,0.0221896058973939,0.0299999507799403,0.0138398034373742
J0255-5304,SPL,1360.0,1.555287760259805,0.8052917732091276,0.6370261739874665,0.4186610296011432
J0304+1932,LFTO,1408.0,0.291495589281583,0.0399902011178247,,
J0335+4555,SPL,1408.0,0.2030685290424903,0.0857371912386947,0.0806876232332177,0.0440878916584842
J0340+4130,SPL,1400.0,0.1033656990942848,0.0431565050523993,0.0643288420204976,0.0392320499501308
J0343+5312,SPL,1408.0,0.0490381437111509,0.01741185018157,0.0226771183419861,0.0104818105738946
J0348+0432,SPL,1284.0,0.1898050506922951,0.0997940938381267,0.0774907146054403,0.0598185311100328
J0401-7608,SPL,3100.0,0.5818457891189212,0.2241519061053574,0.239003985881706,0.1154555411909913
J0415+6954,SPL,1408.0,0.0516568119668203,0.0151234849741686,0.0178706398229475,0.0068600656652525
J0418-4154,SPL,843.0,0.0821616893605233,0.0227781235611787,0.0344687165569131,0.0116852191403001
J0421-0345,SPL,1400.0,0.0876821209896997,0.0347887644194887,0.1341596571826705,0.0678571323784729
J0435+2749,SPL,1400.0,0.033465242513741,0.011162436601203,0.0105084460989405,0.0045443061264968
J0448-2749,SPL,1360.0,3.8302029103256414,5.358525418407544,2.273996149468952,4.176218055964333
J0454+5543,LFTO,4820.0,1.761294228617306,0.4590168800672359,,
J0459-0210,BPL,1360.0,0.2835134960004609,0.1903485155783368,1.3094348738037669,1.3442325996116202
J0517+2212,SPL,1400.0,0.0755471503364111,0.0282501551569689,0.0328768937833598,0.0187635135195039
J0520-2553,SPL,1360.0,0.1114185705762755,0.043373821179179,0.0920184044401447,0.0452346990092818
J0525+1115,BPL,1408.0,0.1525284995981983,0.0393462820489239,0.0186663502896561,0.00728548849636
J0536-7543,SPL,3100.0,1.0518438696558303,0.3329066946948587,0.285767338534351,0.1396879743789478
J0538+2817,SPL,4820.0,0.4328516430212629,0.1930701269074368,0.0657665614659586,0.0378335298483225
J0543+2329,BPL,4820.0,1.4792301783697324,0.5148434696614723,0.1810406078688583,0.1025468101704434
J0601-0527,LFTO,3100.0,0.2180748435623904,0.0553222616050557,0.1052496042835065,0.0493857079022421
J0612+3721,SPL,1408.0,2.4317294037421684,1.577276831333339,1.4762409644982464,1.2157881101695538
J0613+3731,SPL,1400.0,0.0407644203240605,0.0173938843672437,0.0218718255610984,0.0107985036499101
J0613-0200,DTOS,3100.0,0.1610293219137442,0.0338753690415983,,
J0614+2229,BPL,3100.0,0.1651917366032465,0.0395276055464371,,
J0624-0424,SPL,1408.0,0.3516661935412972,0.1632031882191109,0.1726271318136092,0.1018641289510352
J0627+0706,SPL,3100.0,0.1715878487107479,0.0566190707801916,0.0236097712205636,0.0105839941006023
J0629+2415,SPL,1408.0,0.4572167787090404,0.1486362160632242,0.1516264245598632,0.0663724825329469
J0631+1036,SPL,1400.0,0.0913264454607862,0.0241216377201873,0.0086499555727611,0.0034703053737762
J0636+5128,SPL,1400.0,0.4151612363521424,0.2784842812933157,0.272955165938644,0.2294931496252933
J0645+5158,SPL,1400.0,0.0785255387427285,0.0345379516710619,0.0445752484421462,0.0237497312008947
J0656-2228,SPL,3100.0,0.3627858875183596,0.282333046099031,0.1628880167234156,0.1700860104215212
J0711-6830,LFTO,3100.0,0.2820736837451539,0.0738340493327344,0.045598099529874,0.022960922469691
J0719-2545,SPL,1459.32,0.1697731380199281,0.0718557041245107,0.0310317806301798,0.0201247276779649
J0729-1448,SPL,3100.0,0.0930803741702501,0.0305916279727239,0.0173516970215618,0.0083404487820055
J0729-1836,SPL,3100.0,0.1974418978184407,0.0645022493844623,0.0372640676553283,0.0159907336759736
J0740+6620,SPL,1400.0,0.6974866271237569,0.4875370038134543,0.4374182886273413,0.3644230794677283
J0751+1807,SPL,2695.0,0.5415216330334819,0.3424589157133875,0.0882980779312363,0.077717645699584
J0754+3231,SPL,1408.0,0.2400394220413179,0.1092219643291629,0.1266392967378005,0.071332069218036
J0758-1528,SPL,3100.0,0.1564861188118932,0.054552435061286,0.0901056553192672,0.0406553844552826
J0809-4753,LFTO,3100.0,0.1162716445038254,0.0190147017633145,0.0336136859002016,0.0082215315825972
J0815+4611,SPL,400.0,0.0678650946825737,0.0257415953834027,0.1240066217601602,0.0587679666544361
J0820-1350,BPL,4820.0,0.3943100525794617,0.0831309658414931,0.1524682562534552,0.0440417982279462
J0820-3826,SPL,3100.0,0.0420477282107575,0.0123717039357839,0.0055178625510894,0.002313866766672
J0820-3921,SPL,1460.04,0.0409553881087889,0.0101238051550605,0.0053691256482792,0.0019204329644782
J0820-4114,BPL,3100.0,0.2877337349695547,0.0575664419092493,0.1628535445747463,0.0493119589657191
J0823+0159,SPL,3100.0,0.3907877413523705,0.1560931182305172,0.1753551505574295,0.0843272328613963
J0831-4406,SPL,1461.16,0.1240263191895579,0.0524919898634248,0.1153748385360493,0.0749363127593142
J0834-4159,SPL,3100.0,0.0336942939421227,0.0108846876484319,0.0081103958092482,0.0038647137145972
J0842-4851,SPL,1400.0,0.1142785714430451,0.0345615442088595,0.008251252505104,0.0037659989983761
J0846-3533,BPL,3100.0,0.213366100803228,0.0444370690747143,0.0938361071767419,0.0329906731053151
J0849+8028,SPL,390.0,0.0939808142459568,0.0428173094503051,0.1534578951739427,0.0864201304325072
J0855-4644,SPL,3100.0,0.0591155847695144,0.0262462162125268,0.0069238303849315,0.0047329703266533
J0857-4424,SPL,3100.0,0.0666600182168466,0.0157588247777613,0.0076456978640218,0.0022989001287345
J0900-3144,SPL,3100.0,0.5669868649401305,0.219603259989549,0.196662111004442,0.1133876688281157
J0901-4624,SPL,3100.0,0.1193895158779002,0.0577045403540488,0.0260714413616564,0.0208702676219344
J0902-6325,SPL,1360.0,0.3075890797638062,0.1279611857199803,0.1618211526828508,0.0872532425762012
J0904-4246,SPL,1400.0,0.0474665534986353,0.0118955801230243,0.0271724526764736,0.0099329172031257
J0905-5127,SPL,3100.0,0.0980078199716825,0.0274547810282074,0.0136486861586942,0.0054305464419562
J0907-5157,LFTO,3100.0,2.7240541125429374,1.1772509923640866,0.6429150154351119,0.3616874934120656
J0908-1739,LFTO,3100.0,0.4454348203749188,0.1649785914124049,0.2007024697383617,0.0961106412157469
J0909-7212,SPL,1382.0,0.200118410574137,0.0764863817043353,0.1355315801266963,0.072553212789184
J0924-5302,SPL,3100.0,0.0942193505695383,0.0238108845953666,0.0175922212897573,0.0055214808761661
J0924-5814,SPL,3100.0,1.2439325036422983,0.6214422472884008,0.240498014951448,0.1593451598722886
J0931-1902,SPL,1400.0,0.145150060174333,0.0761461071467253,0.0612665329720884,0.0460392006324256
J0932-3217,SPL,1459.61,0.0636006938711318,0.0248704402201477,0.0106360366193605,0.0062595647196806
J0934-5249,SPL,3100.0,0.064323035513554,0.0122795344106569,0.0155321794757094,0.004118190725215
J0940-5428,SPL,3100.0,0.1792572078405079,0.0899191251990094,0.0306477176598632,0.0252016511321343
J0942-5552,LFTO,3100.0,0.1997355470560215,0.0143854080394521,0.0064112145384137,0.000706951410739
J0942-5657,SPL,3100.0,0.0495787479315091,0.0111608577228169,0.0118715725548885,0.0034478983814514
J0943+1631,LFTO,3100.0,0.0907740623234585,0.0250868906543559,0.0746251297697144,0.0309909901714747
J0943+2253,SPL,1400.0,0.0811835654487461,0.0334723387070457,0.0327576188209978,0.0169393162730415
J0944-1354,SPL,1408.0,0.0928757630220392,0.0296979431986848,0.0510894867970781,0.019864227224169
J0954-5430,SPL,3100.0,0.3042218831835197,0.2334733316220487,0.068092853578317,0.0802262897182899
J0959-4809,SPL,3100.0,0.2447254479022231,0.0813630845940379,0.0734267180189852,0.0293420127823643
J1001-5507,BPL,3100.0,0.2620657914326751,0.043701504483348,0.118886549878135,0.0282285960715282
J1012-5857,SPL,3100.0,0.1943163097165334,0.0572317242328627,0.0229173033842241,0.0103469307884837
J1013-5934,SPL,3100.0,0.596703056694861,0.3095267793595613,0.1901306865008931,0.1425588718303073
J1015-5719,SPL,3100.0,1.500120218161607,1.28119232961618,0.2149835561129984,0.3337944077972054
J1016-5345,SPL,3100.0,0.071633251158048,0.0229306149970311,0.0306305115620388,0.0132814472783002
J1016-5857,SPL,3100.0,0.1555898061022914,0.0640829709225085,0.0219239259072488,0.0139801307366381
J1017-5621,LFTO,3100.0,0.0785976556161605,0.0127205320764275,0.0238170551961902,0.0062208223449895
J1017-7156,SPL,3100.0,0.0925737997743602,0.0276247504934444,0.0090159464512268,0.0041088507697379
J1019-5749,SPL,3100.0,4.362409388648735,10.396324060403048,0.5484861479936923,2.6354278869669336
J1022+1001,DTOS,4850.0,0.4632192376213574,0.1160725123072312,0.0265070922247228,0.0126387259001832
J1024-0719,BPL,4850.0,0.3301589187606842,0.1729586700229789,0.0292491389304421,0.0342859989090247
J1028-5819,SPL,3100.0,0.1486534687909536,0.1166902287234973,0.1066920761521952,0.1293527813988131
J1034-3224,SPL,3100.0,1.1865466599705448,0.5328003446902448,0.3582426891463297,0.1947368952574156
J1036-4926,SPL,1382.0,0.1072651384768735,0.0383249403685538,0.0483394409238363,0.024105051716666
J1038-5831,SPL,3100.0,0.1706080881612833,0.0688889859858897,0.1915717693021511,0.1185577939797034
J1041-1942,SPL,1408.0,0.1926374551444841,0.0644273021482196,0.0840362685703078,0.0341542531302018
J1043-6116,SPL,3100.0,0.2809481736447503,0.124948339309649,0.0335366517307149,0.0221546953100393
J1046-5813,SPL,3100.0,0.0875968766866639,0.0201168061996611,0.0194993323686797,0.0068632819733622
J1047-3032,SPL,1360.0,0.1551907681934379,0.0589810740993564,0.0829262705988927,0.0400117176777554
J1047-6709,SPL,3100.0,1.1654911979012876,0.7605455987433053,0.3743459061924127,0.3492752267304812
J1052-5954,SPL,3100.0,0.045246967164173,0.0238347325824031,0.0075829086048457,0.006497273758523
J1055-6028,SPL,3100.0,0.0602005783173081,0.0190991860057061,0.0090910285426882,0.0045730841364221
J1057-5226,LFTO,3100.0,0.1955552511177434,0.0338454033508028,0.1419875718192138,0.0352774992662203
J1105-6107,SPL,3100.0,0.2491433155166756,0.1085161111511203,0.0411782522115406,0.0265086542857372
J1107-5947,SPL,1460.04,0.1247351864393024,0.0430472553763074,0.0514333173596068,0.0273044153557219
J1107-6143,SPL,1522.1,0.0980998415844238,0.0336978371386297,0.03501928254369,0.01858573707091
J1112-6103,SPL,3100.0,0.6464201854232239,0.3331425958012258,0.1031088139403923,0.0849234855724219
J1112-6613,SPL,3100.0,0.1272669400402943,0.0318301042553042,0.0308525194547348,0.0104813127512581
J1112-6926,SPL,3100.0,0.1033743687350746,0.0315978350932713,0.047089703016754,0.0176548455785049
J1115-6052,SPL,3100.0,0.1164232903902835,0.0539741594529791,0.0136707437315205,0.0100337016846176
J1119-6127,SPL,3100.0,0.1748993729444874,0.0663664061443729,0.0326876093318842,0.0192335249232375
J1119-7936,SPL,1360.0,0.0494994790395481,0.0120058584197987,0.0312015055687796,0.0107755817134645
J1123-4844,SPL,3100.0,0.2365320381678164,0.1009674044870371,0.0743576293825833,0.0407962980394258
J1125+7819,SPL,1400.0,0.1328842517383444,0.044880261415281,0.1520802500566238,0.0656806181479076
J1126-6054,SPL,3100.0,0.12700531876392,0.0401540032124154,0.1115477678380526,0.0540581265997171
J1133-6250,SPL,3100.0,0.6247074158526009,0.198243854738727,0.267965531466709,0.1335336859694137
J1138-6207,SPL,3100.0,0.174097310714655,0.0932233390171092,0.0302259790266045,0.0258418838045067
J1141-3322,SPL,1382.0,1.2590361308652518,1.0214359730544151,0.6509549786782522,0.698399015469622
J1146-6030,BPL,3100.0,0.4678960049689913,0.1520711018169657,,
J1156-5707,SPL,3100.0,0.0719618101034273,0.0336878412349513,0.0122623338063023,0.0089460396487418
J1157-6224,SPL,3100.0,0.514010858690354,0.1009834778132161,0.189197360178461,0.0515431913936844
J1202-5820,SPL,3100.0,0.2936332420933718,0.0907588805456895,0.0848174632444285,0.0319968184472559
J1224-6407,BPL,3100.0,1.2014471683964367,0.4137611159183237,,
J1225-6035,SPL,1459.32,0.0359420408483513,0.0111617782500209,0.0416402913154465,0.0197899740751281
J1231-1411,SPL,1284.0,0.0366524625484402,0.0128619039137576,0.00953074327671,0.0046562566259039
J1240-4124,SPL,1360.0,0.05659153442117,0.016439433737828,0.0270213489924553,0.0101870060383174
J1246+2253,SPL,1400.0,0.09091046080697,0.0411145124265705,0.0246528807821686,0.0157348070348836
J1253-5820,SPL,3100.0,0.5365004147904524,0.1856985669218879,0.2481573968956606,0.123119946904537
J1257-1027,SPL,1606.0,0.2508268844900692,0.0950570608328802,0.0866579815091642,0.041454623511193
J1259-6741,SPL,3100.0,0.2145449062531385,0.0841972140152245,0.0692470267597482,0.0392068422894255
J1301-6305,SPL,3100.0,0.1444597942645478,0.0771961315827071,0.0246023481679145,0.0199901494469138
J1305-6203,SPL,3100.0,0.1201739851169903,0.0481489046082261,0.0246276086564456,0.0156131060514706
J1305-6455,SPL,3100.0,0.111564034448862,0.0218747180035225,0.0765355537761705,0.0207075799361307
J1306-6617,SPL,3100.0,0.5011712859306036,0.1483776123000584,0.2335461511698621,0.1059416623235146
J1311-1228,SPL,1408.0,0.0467668290585933,0.0133728297210664,0.0286890395244805,0.0105761440048872
J1312-5402,SPL,3100.0,0.0902415414758371,0.0285397679206868,0.0129568918413878,0.0058437378946407
J1312-5516,SPL,3100.0,0.2776234787485642,0.077109420468071,0.0706134757543395,0.0300424930966594
J1317-6302,SPL,3100.0,0.08541637239257,0.0215439667133992,0.021846784590317,0.0081718365817283
J1319-6056,SPL,3100.0,0.0760416572586154,0.0158050675853217,0.0260604330491766,0.0078233714736862
J1319-6105,SPL,3100.0,0.283562122582198,0.123782846575064,0.0670419973411948,0.0449488753597466
J1321+8323,SPL,606.0,8.441984364894491,8.351882955863138,3.983256410297396,4.781714055500957
J1326-6408,SPL,3100.0,0.1117734645832959,0.0222251716381775,0.0221247184239149,0.0067629182307657
J1326-6700,SPL,3100.0,2.907586774833234,1.3813092425521187,0.8508778118685068,0.6027864778210604
J1327-6301,SPL,3100.0,0.3306890358925241,0.087588996129745,0.1363633741799749,0.051584884484139
J1327-6400,SPL,3100.0,0.0442373717015492,0.0187943176964967,0.0101225582125925,0.0069354417102473
J1328-4357,SPL,1360.0,0.9651825025359534,0.4311617029402169,0.3006524766223752,0.1684270741640983
J1338-6204,SPL,3100.0,0.6498915846606935,0.2513993680218936,0.211128999541092,0.1296804602275781
J1340-6456,SPL,1400.0,0.1688337823070339,0.0627032025916728,0.0451178957824259,0.0221506610810683
J1349-6130,SPL,3100.0,0.1940493222987648,0.0952692603385231,0.0290687456342048,0.0233821388737259
J1355-5925,SPL,1522.34,0.1000835016815533,0.0347975998046902,0.0660749964600202,0.0355288395013513
J1357-62,SPL,3100.0,1.0043069302276135,0.2988106007099433,0.3224856518744216,0.1447468371859221
J1357-6429,SPL,3100.0,0.0774176017028269,0.0281329262167862,0.0198318030677438,0.0110944389883647
J1400-6325,SPL,3000.0,0.0639612130872879,0.0307114499866291,0.0614392650338031,0.0432383227639233
J1401-6357,SPL,3100.0,0.5691026086488178,0.1458892659251432,0.1820423913538444,0.0660988090741743
J1412-6145,SPL,3100.0,0.0968620280581712,0.0346977496878095,0.0120530303719756,0.0073234810125078
J1413-6141,SPL,3100.0,0.3666611449020119,0.2423262568011598,0.053291900328073,0.0573909502674015
J1413-6307,SPL,3100.0,0.2536491605012659,0.1186028824251085,0.1248725842570121,0.0904443180521955
J1415-6621,SPL,1459.32,0.0601964449000596,0.0195415017071151,0.0228821920143373,0.0113456879721799
J1418-3921,SPL,1369.0,0.0731130049919412,0.0186219318521456,0.0054085348789529,0.0020664215761103
J1420-6048,SPL,3100.0,0.7780549747651238,0.6315377378791925,0.1036321453143057,0.1392418261858767
J1424-5556,SPL,1459.11,0.0387372914762802,0.0100798833072939,0.0420108498321482,0.016738844250927
J1424-5822,SPL,3100.0,0.1007110224630836,0.0270040563509381,0.042811054138443,0.0171097437641337
J1428-5530,SPL,1400.0,1.2307505646439332,0.4623567425776551,0.2567745230812546,0.1480677746672864
J1452-5851,SPL,3100.0,0.0704151159314415,0.0318342757554387,0.0108980028272713,0.0081142473299343
J1509+5531,LFTO,4820.0,0.1255438255740153,0.018154629691619,0.0839551468403551,0.0163349914242478
J1510-4422,SPL,408.0,0.4777313828373964,0.1883790100095838,0.916013001850862,0.4363457388680524
J1514-5925,SPL,3100.0,0.112529987608169,0.0681179534105987,0.0169899633217668,0.0170771215680393
J1518+4904,SPL,4850.0,0.2835061814944409,0.1124582221210926,0.0741742613141865,0.0360331805686057
J1524-5625,SPL,3100.0,0.3487205209291186,0.1803448003870159,0.0436955184870154,0.0372666726737357
J1527-3931,SPL,843.0,0.2062373178945476,0.0729040154059494,0.10118561656031,0.0455297630074658
J1530-5327,SPL,3100.0,0.2587872775145279,0.1361234704286654,0.0800139202062209,0.0649227033112811
J1532+2745,LFTO,1408.0,0.1002220612230501,0.0292362513120925,0.0776652742814231,0.0290380074946152
J1534-5334,SPL,1577.0,1.103678560181707,0.4264091183572843,0.2471799697230601,0.1220322579577304
J1534-5405,SPL,3100.0,0.0618420359924197,0.0111931759532146,0.0162421883858176,0.0045110033483417
J1537-5645,SPL,1460.04,0.3466121852731929,0.1721278783323937,0.3329768251825802,0.2540481108650295
J1538-5551,SPL,3100.0,0.0488909014910809,0.0178366725215084,0.011544309830745,0.0066869877548982
J1541-5535,SPL,3100.0,0.1254778667030514,0.0813217546460026,0.0182535462624778,0.020167904182482
J1543+0929,DTOS,1408.0,0.2760327911927009,0.0454416288393883,0.1484556648370473,0.034758871014751
J1543-0620,DTOS,1408.0,0.0883700861292864,0.0147325590058296,0.0402736645834597,0.0087233008901354
J1543-5459,SPL,3100.0,0.0944574312167775,0.0305280749425014,0.02103409643143,0.010708839730764
J1544-5308,SPL,1577.0,0.9571942442599348,0.3643690645294209,0.1226848854867101,0.0716752827207688
J1548-4927,SPL,3100.0,0.044227867195004,0.0106446620269353,0.0231291535375437,0.0084903085050057
J1548-5607,SPL,3100.0,0.1348300841000742,0.0422922910711851,0.0182504467078543,0.0090550080858818
J1549-4848,SPL,3100.0,0.0873192658315087,0.0219864511264664,0.0303410424215087,0.0110289416365402
J1551-5310,SPL,3100.0,0.1262499636023723,0.0508217209896268,0.0135639389702766,0.009577275961645
J1555-2341,SPL,1408.0,0.1202832336405617,0.0383075337329826,0.0363297945593262,0.0151931245485891
J1555-3134,SPL,1408.0,0.8696100417120552,0.3734223256924297,0.0925536515516282,0.0605759216213682
J1557-4258,SPL,1369.0,0.129880157668234,0.0237779589719687,0.0277804410144222,0.0077853920285856
J1600-3053,LFTO,4820.0,0.2984341857866314,0.0431419766101017,,
J1600-5751,SPL,3100.0,0.1995170005778875,0.0513524713187871,0.0348864009858966,0.0130457129669899
J1601-5335,SPL,3100.0,0.0315031319556497,0.0109832762827095,0.0086175184676268,0.0045383750814279
J1603-2712,SPL,1408.0,0.2504292107120626,0.0759321448337551,0.0885328208906688,0.0330238336150831
J1603-5657,SPL,1400.0,0.0882982823322355,0.0250823208709708,0.0586017392380829,0.0255456753804103
J1603-7202,LFTO,3100.0,0.0972988744590479,0.0126218034291522,0.0291680132924745,0.0056684527512385
J1604-4909,BPL,3100.0,0.2453522240221217,0.0442725143523122,,
J1605-5257,SPL,1577.0,3.7073720583271697,1.788625096360395,1.7554837181411087,1.2304643990454776
J1607-0032,DTOS,1408.0,0.0702432697128771,0.0106055593273862,0.0300032509642339,0.0056882013052479
J1610-1322,SPL,1369.0,0.0734611638926312,0.0172302280046245,0.0143479668385863,0.0050550235133983
J1611-5209,SPL,3100.0,0.3211891697036965,0.1493314833077039,0.0620504525833356,0.0419883561588387
J1613-4714,SPL,3100.0,0.1762388988065079,0.054320813377255,0.041924488892471,0.0166088254561552
J1614+0737,LFTO,1408.0,0.0679083820098009,0.0191315896373856,0.0295657382252299,0.0102666815513649
J1614-2230,SPL,1400.0,0.1962675253746044,0.0817637257623608,0.0527847428516292,0.0320431462340712
J1614-5048,SPL,3100.0,0.2502653897566435,0.0627480619990311,0.024915847482371,0.0081178018355891
J1615-5537,SPL,3100.0,0.0639345517728695,0.0151673827770286,0.0247309926880041,0.0089774513871916
J1622-4802,SPL,3100.0,0.2024905209108338,0.0942100482983019,0.0673209229082904,0.0481046264992159
J1623-0908,SPL,1408.0,0.0796841892153051,0.0240392802339383,0.0227067865094835,0.0085988449506369
J1623-4256,SPL,1460.04,0.2964804203703645,0.0929996295734887,0.1202734380909577,0.0578497745606287
J1624-4411,SPL,1460.04,0.0731008314124541,0.0261906066935543,0.0920064254136056,0.0505825582721974
J1626-4537,SPL,3100.0,0.131340852840094,0.0453133316276235,0.0457037213200023,0.0242223694796916
J1626-4807,SPL,3100.0,0.208732240976482,0.1525583770475995,0.0374530482228162,0.0436982095122055
J1627+1419,SPL,400.0,0.0755426061039778,0.0226294687842998,0.071646529538688,0.0272651403375863
J1627-4706,SPL,3100.0,0.0318526396076319,0.0126769712806067,0.0061534335664212,0.0039160902531061
J1627-4845,SPL,1459.61,0.132768896694077,0.0586442465089685,0.2232034980528336,0.1513565428146212
J1628-4804,SPL,1460.04,0.1344943499096423,0.0416488081798162,0.1359300951771719,0.0646047771037014
J1632-4621,SPL,3100.0,0.0768479792389586,0.0205877524788649,0.0181578261942993,0.0074958991150559
J1632-4757,SPL,3100.0,0.1158924268765989,0.0534724970303995,0.0144955874325111,0.0114279118181533
J1632-4818,SPL,3100.0,0.0401253645875484,0.0109120166166163,0.0059025595002782,0.0026944350209496
J1633-4453,SPL,3100.0,0.4154340522030981,0.1512664254021677,0.3059424969934183,0.1707436892167833
J1633-5015,LFTO,3100.0,0.3083327749368386,0.0587061070287382,0.1012568304179618,0.0286796720362112
J1636-4803,SPL,3100.0,0.131967003622796,0.0317844767270364,0.0316883279229457,0.0117332438881391
J1637-4553,SPL,3100.0,0.1930869904428796,0.0707611319444412,0.029235794128314,0.0165600222028015
J1637-4642,SPL,3100.0,0.3868586677173655,0.2467945563170637,0.052187887345672,0.0544836945494536
J1638-3815,SPL,1460.04,0.3279495419086892,0.2216227638387524,0.0849027817945709,0.0873985298956856
J1638-4608,SPL,3100.0,0.0554209465091351,0.0183665283738856,0.009687444264342,0.0050953135560562
J1640+2224,SPL,2695.0,0.0508504851894461,0.0166928019776821,0.0148276115906723,0.0058734174238723
J1640-4715,SPL,3100.0,0.3420036015218225,0.1544388163957529,0.0416506403862949,0.0314481848784327
J1643-1224,SPL,4850.0,0.4715923960234155,0.1458281313839178,0.0258495141592561,0.0104142394372632
J1643-4505,SPL,3100.0,0.2001405899929425,0.1304722581068844,0.0344615689426141,0.0356589620513464
J1646-4346,SPL,3100.0,0.1977046054150955,0.0757076384983757,0.0470310447576536,0.0287388933563831
J1646-6831,SPL,3100.0,0.6301988946341607,0.2344560843824878,0.4072188286093355,0.2030357461822182
J1648-4611,SPL,3100.0,0.3904110761635775,0.3086689542214493,0.059483800447826,0.0754222327418377
J1649+2533,SPL,400.0,13897.161884407906,111177.29507446248,1104.85749071466,8838.860720181228
J1649-3805,SPL,1460.04,0.0681494456124789,0.0140595321438804,0.0463457332511717,0.014633543560743
J1649-4653,SPL,3100.0,0.0709500865100072,0.0303437369542007,0.0127529535468912,0.0085478983980015
J1650-4502,SPL,3100.0,0.1735224409240368,0.0924604035589418,0.0449955220780611,0.0380689336938241
J1650-4921,SPL,3100.0,0.3286546674602288,0.3572278417754884,0.0739911073656068,0.1292034577848824
J1651-5222,SPL,3100.0,0.293729207895362,0.0786772213227271,0.1258041715563651,0.0490906418082305
J1652-2404,SPL,1408.0,0.189751591862199,0.0643847354560224,0.0166224279037967,0.0085670540306666
J1653-3838,SPL,3100.0,0.5673685123300927,0.3400683491997301,0.2439101551512418,0.2206310825862124
J1653-4249,SPL,3100.0,10.920011818793329,36.94353143869839,7.39055336275884,37.82751755768694
J1658-4958,SPL,3100.0,0.083552909892551,0.0163527563951141,0.0258996345067274,0.0077315908526002
J1659-1305,SPL,1369.0,0.0888315856729593,0.0274484122726131,0.012743752174011,0.0058433532790779
J1659-4439,SPL,1460.04,0.1145233436605762,0.0553631105593408,0.156016447279301,0.1159465329050799
J1700-3312,SPL,3100.0,0.2575365716938661,0.1136982353235168,0.0796422942129905,0.0461758813860009
J1701-3726,SPL,3100.0,0.1904905886993126,0.0406512507648113,0.0921335528403042,0.0281089084828087
J1701-4533,SPL,3100.0,0.3341744425392597,0.1207092905313794,0.081379684007288,0.0424551171877033
J1702-4217,SPL,1460.26,0.1506386650969178,0.0498130742088285,0.2832345841582738,0.1439781212859976
J1702-4310,SPL,3100.0,0.2722109337889602,0.14671816155065,0.1044785189755849,0.0878310916479474
J1705-3423,SPL,4920.0,1.1183689465003064,0.543051011209485,0.1743352500492208,0.1143152399144191
J1705-3950,LFTO,3100.0,0.5686789202661645,0.2630766823048842,0.2882704596349169,0.2158625430420851
J1707-4341,SPL,1522.1,0.0626295947168707,0.0195288143806968,0.0644943399731639,0.031196169268864
J1707-4729,SPL,3100.0,0.4825610186467422,0.1939984369077069,0.1829390947235785,0.1127835634026703
J1708-3426,SPL,3100.0,0.0989660546600869,0.0218907716072899,0.03177626771917,0.0106057303802634
J1709-3626,SPL,1460.04,0.1888366460877175,0.1024959180110133,0.2450252721247195,0.2040952775763348
J1711-1509,SPL,1408.0,0.0531212168130826,0.0144254539014296,0.0380635475316782,0.0136609177930011
J1711-5350,SPL,3100.0,0.0637374557970113,0.0160441401038517,0.0210443437914449,0.0080919833444396
J1713+0747,BPL,4850.0,0.8219285399364631,0.1679297179179726,0.2593020829350032,0.1268722790665885
J1715-3903,SPL,3100.0,0.2249253390458353,0.1303294956774154,0.0635554533539204,0.0584575375020262
J1715-4034,SPL,3100.0,0.1285453563621256,0.0298031904073193,0.0361978444120577,0.0129192851521809
J1717-3425,LFTO,3100.0,0.1521667218310428,0.0282368509164028,0.0479646436446325,0.0133675979776796
J1717-4054,SPL,3100.0,0.0677591841206203,0.0139955570492592,0.044587371288593,0.0132325732968903
J1718-3825,SPL,3100.0,0.8690772242613847,0.6207373467183555,0.3616327162091721,0.4011202979371059
J1719-4006,SPL,3100.0,0.1851554959972373,0.0665350907676979,0.0635122957584053,0.0344183388233763
J1720-1633,SPL,1408.0,0.2149929632260365,0.0730328686878048,0.0626422162390891,0.0268865785788717
J1720-2933,SPL,1408.0,0.07557825151845,0.014413248133114,0.0020173921719771,0.0005597897111332
J1722-3207,LFTO,3100.0,0.186130852909221,0.0340514435938501,0.0572838606575767,0.0169236117602899
J1722-3632,SPL,3100.0,0.7544201258856822,0.3679522461448181,0.4090065649317628,0.3058641350375382
J1722-3712,SPL,3100.0,0.3357236500601019,0.0974359108878149,0.0793771550635253,0.0317308982956114
J1724-3149,SPL,1460.04,0.0529031978201233,0.0172753670801735,0.0836899346389463,0.0420105301682368
J1726-3530,SPL,3100.0,0.1156172185503376,0.0619364067802362,0.0888252983793121,0.0734327026482859
J1727-2739,BPL,3100.0,0.236933610879564,0.0564821653718042,0.0583005940326365,0.0212717688374968
J1728-0007,SPL,1369.0,0.0485412006759006,0.012090438360714,0.0074514206981588,0.0027788564032536
J1731-4744,LFTO,3100.0,1.6729358917606387,0.3934186751803459,0.4189529988827623,0.1212452246161129
J1732-4128,SPL,1459.52,0.0879140359675498,0.0232949797436885,0.0308871964729656,0.0125726782597631
J1733-3716,SPL,3100.0,1.627557228881109,1.0830003985666308,0.448704403219009,0.4651146588683841
J1734-3333,SPL,3100.0,0.250711290551179,0.1629830705987321,0.024807954707021,0.0345990882104317
J1735-3258,SPL,3100.0,0.3792096902606433,0.3649062724273308,0.1153886029503979,0.1820703199909765
J1737-3137,SPL,3100.0,0.0756385730018707,0.0188771762978457,0.0169089356398019,0.0065103845484326
J1737-3555,SPL,3100.0,0.1484304835229505,0.0624544835986606,0.0569916853972747,0.0343074879071692
J1738-3211,SPL,3100.0,0.5057637612685293,0.2749902923896987,0.1437406816650742,0.1114121533203134
J1739-2903,SPL,4920.0,0.905275648472206,0.4207036842434052,0.2523885506569067,0.1889541830934535
J1739-3159,SPL,1459.61,0.0564123684146883,0.0121515152413251,0.0569104447855156,0.0188001986461386
J1741+2758,SPL,400.0,0.5648598215848116,0.357643768922302,0.3015917811629942,0.2425614918797271
J1741-0840,SPL,1408.0,0.1746299779867583,0.0485351924412253,0.08258668071252,0.0288364328395094
J1741-3927,SPL,3100.0,1.1262382464943006,0.4760826169969204,0.305173723784968,0.1656653240079711
J1743-1351,SPL,1408.0,0.0651737371705851,0.0186620934644593,0.045244831248934,0.015985350857438
J1744-1134,DTOS,4850.0,0.3151527123434773,0.0952799754786301,0.0227684214313391,0.0105374275488279
J1744-3130,SPL,3100.0,0.1507455089312949,0.0677064337473655,0.0489221582283967,0.0337652660132032
J1745-3040,BPL,4820.0,1.638690237485164,0.447520679682981,,
J1746+2540,SPL,400.0,0.0423538057862468,0.0170113332485453,0.0665372254482635,0.0338762287026874
J1748-1300,SPL,3100.0,0.1610918886157613,0.040895556134689,0.0582612888884832,0.0189637835444596
J1749-3002,SPL,3100.0,0.5242501674257912,0.1850233940085462,0.1443643159398669,0.0758310428876679
J1750-3157,SPL,3100.0,0.2690591618235693,0.1116835345786046,0.0879629249301093,0.05583013329308
J1751-3323,LFTO,3100.0,0.4605844563248045,0.1807734297929262,0.180066300041282,0.1617201349751079
J1751-4657,LFTO,3100.0,0.1597359897709979,0.0232944377934405,0.0579448797553098,0.0111348434725094
J1752+2359,SPL,400.0,0.7860542644579009,0.5285447262158931,1.1715601654086674,0.9971635540799356
J1753-2501,SPL,1606.0,1.9061459083788392,1.944536991955672,0.7316766240771337,1.1871616177686224
J1754+5201,SPL,1408.0,1.2704845560098237,1.0745787477434754,0.6229854803925431,0.6715813509609947
J1755-2725,SPL,1459.61,0.1506511916190752,0.0555890257238558,0.0544994429814157,0.030519305090277
J1756-2251,SPL,1459.61,0.0729606762573474,0.0192831072031695,0.0210615948087597,0.0083258574728096
J1758+3030,SPL,900.0,0.5081202895695336,0.2417154265411565,0.3425744092599964,0.2049170544455782
J1758-2540,SPL,1460.04,2.48433276174223,5.047904252118759,4.248622356731577,13.285562003393196
J1758-2630,SPL,1460.04,0.0408198879237908,0.0163547123355477,0.0771333952767274,0.0474667741995813
J1759-2205,SPL,3100.0,0.1111238662025861,0.0271491375956774,0.0238966282205676,0.0074591507533573
J1801-0357,SPL,1408.0,0.0779993022170557,0.0196505350310984,0.0459936869979087,0.0153289172199494
J1801-2154,SPL,3100.0,0.0354821223599324,0.0138697284281709,0.0109006314395015,0.0067591697833622
J1801-2920,LFTO,3100.0,0.1318049909305064,0.0297757205269556,0.0584541345491332,0.0215427180780694
J1802-2124,SPL,1521.66,0.7808011008154028,0.8036158263176394,0.4082315712323837,0.6335420310162453
J1802-2426,SPL,1460.04,0.0532228954967111,0.0172082133000321,0.0750750076968361,0.0372393414390384
J1803-1857,SPL,1460.04,0.0480881363499279,0.0158267626682377,0.0404974043131269,0.0204258782639468
J1803-2712,SPL,1577.0,0.2196689761392379,0.0971567969272978,0.2469214821758273,0.167564195605817
J1803-3002A,SPL,4000.0,0.0502092380405085,0.011722306062575,0.0141450822768464,0.0047172054950585
J1804-0735,SPL,1459.83,0.5345441310466436,0.4156148252545171,0.1946735913486559,0.2304338062073973
J1805+0306,SPL,400.0,0.1047577089750414,0.0362198835911716,0.2738492232936481,0.114927563818039
J1805-1504,SPL,1460.78,0.403054481709302,0.1095392748936421,0.2450339640556081,0.1015186705185906
J1806-2125,SPL,3100.0,0.0587524681028935,0.0144169783465386,0.0171400983533601,0.0065344127122393
J1807-0847,BPL,4820.0,1.775650827337942,0.5486350914932381,0.1197256739300013,0.0565288231258255
J1808-2057,SPL,3100.0,0.5138797519135013,0.206547169069667,0.0961607502739217,0.056130465459161
J1809-1429,SPL,3100.0,0.0718878853906687,0.0187009196730916,0.0245946659506572,0.0097960918771942
J1809-2109,SPL,3100.0,0.0701694132467588,0.0172528890456956,0.0609213428563334,0.0224332978765694
J1810-1820,SPL,1460.26,0.1098282579373133,0.0410209391379957,0.1634820707186207,0.093799884385867
J1810-5338,SPL,3100.0,0.2595360939558119,0.0819332570106079,0.151028819961445,0.0622013279055005
J1812+0226,SPL,1408.0,0.0461573423453489,0.0135109055922178,0.0362910246710422,0.0134475249087758
J1812-1718,SPL,3100.0,0.0748349790365257,0.0163321110451756,0.0262733936740065,0.0087556918658803
J1812-2102,SPL,4850.0,0.1270579106320125,0.0325751279726753,0.0261492317696236,0.0103301251682416
J1814-1649,SPL,1459.32,0.2066039828893696,0.0754854387059675,0.163218398503315,0.091544652143933
J1815-1738,SPL,3100.0,0.0756503512013135,0.031958591340435,0.0255156642154962,0.0169857305546607
J1820-0427,LFTO,4920.0,0.4617644848689703,0.0896945722476733,0.0217443573243786,0.0064345275352413
J1820-1346,SPL,1606.0,0.2064500135266213,0.0576496377257221,0.1602014138202379,0.0680406033384956
J1820-1529,SPL,3100.0,0.0957123497333789,0.0281627331717496,0.0197304414162383,0.0090974676958924
J1820-1818,SPL,3100.0,0.3182558427676766,0.1563726824957426,0.3146650958046359,0.2375053834069153
J1822-1400,SPL,2640.0,0.2698819482565067,0.1274083003385071,0.0307796481536038,0.0214578071624425
J1822-2256,BPL,3100.0,0.2117291051587357,0.0481068288518208,0.073011043035301,0.0251172294438162
J1822-4209,SPL,3100.0,0.1306875589878454,0.045772759486271,0.0845838959811776,0.0432501167495329
J1823+0550,SPL,1408.0,0.1790489266573708,0.0470529158651968,0.0649158274783686,0.0205238707020371
J1823-0154,SPL,1400.0,0.0940966616395948,0.0292045382080316,0.0410328797513225,0.0178694007531908
J1823-1115,LFTO,3100.0,0.3911279314651719,0.1088105956853918,0.0970503561508367,0.046964516282578
J1823-1347,SPL,1459.61,0.0932148091648176,0.0398601438895177,0.1776533034600833,0.1167965501482625
J1823-3106,SPL,3100.0,0.5595080680168336,0.1832444261504197,0.1926016938351233,0.0763124079563216
J1824-1118,SPL,3100.0,0.1552003206288059,0.0424553144892258,0.0484961814658005,0.0190480215560152
J1824-1423,SPL,1459.32,0.2360549794490025,0.1013034766364957,0.1471127104414362,0.0967254342443054
J1824-1945,LFTO,3100.0,0.4014377394299168,0.0883694433306393,0.0524668373993853,0.0154149967862105
J1824-2452A,SPL,3100.0,0.1235656708706855,0.0252146708448119,0.0065617760732702,0.0016895016942276
J1825-0935,LFTO,4820.0,2.9295735866340817,1.388435411414108,0.2904895073252598,0.2098483474680082
J1826-1334,LFTO,4920.0,2.637916913248426,1.751942287882958,0.5197178250147654,0.8567103421307366
J1827-0750,SPL,3100.0,0.2795867396688061,0.0802525803565518,0.0717353404315016,0.0317264568338875
J1827-0958,SPL,1459.32,0.080771149548445,0.0133597759004803,0.0404926305128068,0.0102606011959493
J1828-0611,SPL,3100.0,0.2359889579173762,0.0825886640678607,0.049437332929527,0.0265258357892846
J1828-1057,SPL,3100.0,0.1228125175577691,0.0785228240009505,0.0519028673408025,0.0532831102389053
J1829+0000,SPL,1460.04,0.06968319441603,0.022836730051035,0.0226090057933802,0.0111491044695292
J1830-1135,SPL,1460.04,0.0608137280285734,0.0121869541604719,0.0426657881028464,0.0131181796421947
J1831-0823,LFTO,3100.0,0.0721666469223732,0.0164626219582477,0.0272433495351222,0.0097170897757815
J1831-1223,SPL,3100.0,0.0967108498611652,0.0244375098903769,0.0247789496851787,0.0095853329204691
J1832-0836,SPL,3100.0,0.1805321782667045,0.0787415176792548,0.0365884648828045,0.024241400810905
J1833-0559,SPL,1460.04,0.1559630998886079,0.058942977684953,0.1927455400814768,0.1117781929031771
J1833-0827,BPL,4920.0,0.9156106815839572,0.3440667419131827,,
J1833-1055,SPL,1460.04,0.0892995460476876,0.0200980234837302,0.0885364686538779,0.0305623596004718
J1834-0426,SPL,1408.0,3.0444090579566545,1.1254286849316226,0.0650707908384449,0.0355187499417895
J1834-0602,SPL,1459.32,0.0835261782880727,0.0224484287796878,0.0682136057468507,0.0281376473333382
J1834-0731,SPL,4850.0,0.1384479251431647,0.0439691982096096,0.0103628175253399,0.005926873035616
J1834-1202,SPL,1461.24,0.254459262693075,0.133320484851842,0.2494312340572762,0.2003344185870854
J1834-1710,SPL,3100.0,0.0945682484968552,0.0311958888270294,0.0398314463227432,0.0201349774400915
J1835-0924,SPL,1459.54,0.0956185992923746,0.043251911870993,0.1801837961443448,0.1251853983465442
J1835-0944,SPL,1460.04,0.0480990518155806,0.0126679187102209,0.0713629795176826,0.0288728032450586
J1835-1020,LFTO,4850.0,0.2286141623622204,0.0491076967202082,0.0287141202474073,0.0099953399093505
J1835-1106,SPL,4920.0,0.2577307020865105,0.0799983106855749,0.0229896043254875,0.0108872704894136
J1836-0436,SPL,3100.0,0.3322492439969938,0.1226730517867847,0.0955649095802704,0.0540645296114066
J1837-0045,SPL,1400.0,0.0689545561592422,0.0219749435969994,0.0204074771509002,0.0084956685965826
J1837-0559,SPL,3100.0,0.0543821177741252,0.0146724604043951,0.0174280451309377,0.0072939301831412
J1837-0604,SPL,3100.0,0.2488273289525744,0.136254727031108,0.0616165744829007,0.0541264902849426
J1838-0453,SPL,3100.0,0.0372664175197728,0.0107351133879566,0.0099903059177381,0.0047022591518276
J1838-0549,SPL,3100.0,0.080041778899398,0.0364763519207251,0.0275330269570687,0.0202709167069472
J1839-0643,SPL,3100.0,0.2462273359438815,0.0845255449504154,0.0878053190225487,0.0462576851791656
J1839-0905,SPL,3100.0,0.0752904991874114,0.0443203190039263,0.0319792596358876,0.0294489649352417
J1840+5640,LFTO,1408.0,0.6409687939482785,0.2413956576217591,0.5265475110992494,0.2821927048957023
J1840-0809,SPL,3100.0,0.3917040874428195,0.1397751910368266,0.0815281376555997,0.0450557147976089
J1840-0815,SPL,3100.0,0.1001959458132117,0.0203507700408515,0.0294482028838237,0.0092147230909608
J1840-0840,SPL,1460.04,0.1429741491968317,0.0364653291470006,0.0398556081569283,0.015638340330073
J1841-0157,SPL,1459.32,0.3920959730838894,0.1771203225592913,0.4095751622252844,0.2838315119444751
J1841-0345,SPL,4850.0,0.5561550941984745,0.3067202051495734,0.0127144647884664,0.0159334755714685
J1842-0359,BPL,3100.0,0.1248427208844534,0.99874176468945,,
J1842-0415,SPL,1460.04,0.1280716563956443,0.0716051051485466,0.2041733013544604,0.1756334560972531
J1842-0905,SPL,3100.0,0.1912154143802498,0.0789330133049442,0.0516988391349864,0.0328417559204715
J1843-0355,SPL,3100.0,0.4020767041434585,0.2638811808540042,0.0879820520666599,0.0935983473323703
J1844+1454,SPL,1408.0,0.1673326588283318,0.0465358149171702,0.0382212269282822,0.0130471314779727
J1844-0256,SPL,3100.0,0.2619950769171772,0.1740190841231147,0.0552011976203808,0.0618004157164934
J1844-0433,SPL,3100.0,0.1289270493267397,0.0376720758630657,0.020628657376471,0.0082006690179559
J1844-0538,SPL,3100.0,0.2361482906382733,0.0654789631230725,0.0444969677394673,0.0172989178091412
J1845-0743,BPL,3100.0,0.3670291944779748,0.1089461158169679,0.0595275084175339,0.0270845700038504
J1847-0402,BPL,3100.0,0.6602800683949183,0.2288084521490769,0.2194438964382625,0.118150462886291
J1847-0438,SPL,3100.0,0.0628392977992916,0.0189444775818419,0.025087739489546,0.0116213979471116
J1848-1952,SPL,950.0,0.2469922942356821,0.0781282097111607,0.1343006978427555,0.056429590166922
J1849+2423,SPL,400.0,0.060647966538414,0.0230886959686588,0.1110199905896527,0.0522718191157064
J1849-0614,SPL,1460.26,0.0474471155110175,0.0112859932873914,0.0154996047685109,0.0056680958867753
J1849-0636,BPL,3100.0,0.0784479694192466,0.0157379226158834,0.0150653096280162,0.0039912769021284
J1851+0418,SPL,1460.04,0.2341393319957033,0.0724505782238495,0.0205736902239904,0.0094955790917198
J1851+1259,SPL,1606.0,0.0790534890836289,0.025736152182058,0.028303565931674,0.0123759146356141
J1851-0053,SPL,1400.0,0.4903459125829506,0.340833828186504,0.1411317167439843,0.135926115587259
J1852+0031,SPL,1606.0,2.3282306501814323,1.4602189636504732,0.3058818066606568,0.2920042983254932
J1852-2610,SPL,1360.0,0.0695000687496563,0.0163925112867027,0.0621450801468896,0.018762440364455
J1853+0545,SPL,4920.0,0.8323937837339963,0.42569468263757,0.1810004755805742,0.1420706153530867
J1853+1303,SPL,1400.0,0.0481127930408912,0.0150833506374625,0.010014787025822,0.0039948989994012
J1853-0004,SPL,3100.0,0.0554531439658148,0.0119990661835681,0.0158664673815726,0.0053312707826902
J1854-1421,SPL,3100.0,0.2771264123863456,0.1037737229629732,0.0836208836949153,0.0411702636874239
J1855+0307,SPL,3100.0,0.0760633699401402,0.024262310095537,0.0222681916677977,0.0108207791462174
J1857+0057,SPL,1400.0,0.0971373325201461,0.0287814450505743,0.0370808576755925,0.0150695242813605
J1857+0143,SPL,4850.0,0.0410732969672161,0.0104684761842545,0.0216428654797948,0.0084883429385973
J1857+0212,SPL,3100.0,0.2025735393057081,0.0585014433109596,0.087797365925169,0.0360596081877356
J1857+0943,BPL,4850.0,0.9381687096869492,0.3950753089637596,0.2777909110073388,0.1625398204118676
J1900-2600,LFTO,4820.0,0.7861682367236208,0.1607366402873818,0.1729796793842222,0.0562991404040143
J1900-7951,SPL,1369.0,0.0948822309808675,0.0277171300983181,0.0430119057131144,0.0192676738210519
J1901+0254,SPL,1460.04,0.1354120016249667,0.0442455268296688,0.1186458884037203,0.0594361194069469
J1901+0413,SPL,1459.72,0.0938355557860816,0.0250185783372974,0.0719420788467731,0.0294732417015867
J1901+0716,SPL,1606.0,0.0885978861398109,0.023406065481652,0.0340565793218707,0.0123415819126326
J1902+0556,SPL,3100.0,0.2246058302935827,0.0694252044796377,0.0597288390016301,0.0240254257811796
J1903+0135,LFTO,3100.0,0.3111612154944822,0.0591788235388954,0.101553268111542,0.0279302592902086
J1904+0004,SPL,3100.0,0.4507765040540429,0.2074389636577137,0.1307030198231459,0.0785311375450683
J1904+0800,SPL,1460.04,0.212230501172999,0.1399122254031024,0.3519080125567853,0.3561435279622679
J1904+1011,SPL,1459.61,0.0527658379172893,0.015684137975185,0.0071142134327861,0.0030196140737264
J1905+0616,SPL,4850.0,0.1807323903908377,0.1159283846056768,0.0234047684819924,0.0292370592417413
J1905+0709,SPL,2600.0,0.3124220221092033,0.1203877468723661,0.0666283893005616,0.0366863677237874
J1906+0641,SPL,2600.0,0.809077396521887,0.5146105280283786,0.0721516600655752,0.0754754949220261
J1907+0918,SPL,2640.0,0.042813954018645,0.0196465611160067,0.0305268927176028,0.0204654387908037
J1908+0500,SPL,3100.0,0.0948242273420235,0.0286676121524192,0.0707394717849659,0.0316128194339675
J1909+1102,LFTO,4920.0,0.07684516728986,0.0125320585226541,0.0159568002101011,0.0035008553964553
J1909-3744,SPL,3100.0,0.4521498902468798,0.2209771566235363,0.048812694734251,0.036446015807817
J1910+1256,SPL,2100.0,0.0867515715092392,0.0317494857425958,0.1258590287218542,0.0687418303431097
J1912+2104,SPL,1408.0,0.2225160409826795,0.1032234718952151,0.0693373819221761,0.0432683604488578
J1913+1400,SPL,1408.0,0.2118251899113358,0.0812988183570994,0.0537374479101782,0.028787080551867
J1913-0440,LFTO,3100.0,0.3131600604591733,0.0438860728993119,,
J1915+1009,SPL,3100.0,0.1207003722175495,0.0306285656408455,0.0278407833073686,0.0093252269920405
J1915+1606,SPL,1408.0,0.0476214170661293,0.0136647971985543,0.0224200556087043,0.0092488836760295
J1916+1312,SPL,3100.0,0.1975459161438568,0.0610813121325777,0.0609113814705934,0.0244384258975783
J1917+2224,SPL,400.0,0.1406822438532507,0.056124417353712,0.2253378767706922,0.1122145589894597
J1918+1444,SPL,2600.0,4.225090806253376,8.731735413171618,0.6451538443938942,2.7282241472868907
J1918-0642,SPL,1400.0,0.055407769388805,0.0152173807514326,0.0052968941617161,0.001946563827142
J1920+2650,SPL,408.0,0.5370038506895408,0.2607661277786877,0.4845925591152485,0.2906704334565091
J1921+1419,SPL,1408.0,0.102402176680246,0.0340630007003716,0.037079236388831,0.0173212198822557
J1926+0431,SPL,843.0,0.3920212553932921,0.1635911356842727,0.157067824303472,0.0874501323527463
J1926+1648,SPL,1408.0,0.1792230950933093,0.0632078610418519,0.0950609009437528,0.0442768268562096
J1932+2020,SPL,1408.0,0.143446205832114,0.038377920776902,0.0777850893768243,0.0249518696792493
J1932+2220,SPL,1606.0,0.2208501559403105,0.0845272144899309,0.0619881266616205,0.0327211260298191
J1932-3655,SPL,3100.0,0.0736423684042793,0.0313581005634296,0.0359501215308423,0.0194347683919935
J1937+2544,SPL,4920.0,0.4123174854670273,0.189995602674872,0.1700413004234426,0.1004923783780647
J1943-1237,LFTO,1408.0,0.0560629800620012,0.0120728810822363,0.018844467655563,0.0053827806262795
J1944+0907,SPL,1400.0,0.1955641103454705,0.0601014638481663,0.0426751866012286,0.0157127572970222
J1945-0040,SPL,1408.0,0.0890103424673179,0.0259185664994002,0.0281504424343245,0.0109649270062528
J1946+1805,LFTO,4920.0,2.5826759136623663,0.7453762299873782,,
J1949-2524,SPL,1408.0,0.0453034297534848,0.0124933493410424,0.0244608741538669,0.0086737333533467
J1952+3252,SPL,1606.0,0.1294398294155786,0.0406608190804706,0.03527466420755,0.0144649157787309
J1955+2908,SPL,1400.0,0.0905884730773837,0.0277611284349976,0.0068031312606808,0.0025617693471044
J1955+5059,LFTO,4920.0,0.7165350542663305,0.255541744096336,0.1730103400992628,0.0927498417116674
J2002+3217,SPL,1606.0,0.3044230694089782,0.1331939602907868,0.0685292605548934,0.0398828130601485
J2002+4050,BPL,1606.0,0.4777897063123131,0.1338580081303233,0.0579883512357343,0.0225559103949075
J2005-0020,SPL,1360.0,0.1143206412257114,0.0437732391448561,0.0507236352211635,0.0258446759364068
J2006-0807,SPL,1408.0,0.4762710879914515,0.167636517034247,0.1729212784900866,0.0796131398621112
J2008+2513,SPL,430.0,0.147971905622362,0.0744744107485906,0.3058553295582264,0.191350166169592
J2010-1323,SPL,1400.0,0.1402019239723698,0.0629353969779091,0.044095459942838,0.029193287951317
J2013+3845,SPL,1606.0,1.9715323678792351,0.9782430918206572,0.2636056123310358,0.1772233308656976
J2017+2043,SPL,400.0,0.0462789978489441,0.0157894255631787,0.0691323737796929,0.0293606501121216
J2019+2425,SPL,1284.0,0.0332285604651293,0.0119399497540596,0.010217786345534,0.0046646700373544
J2023+5037,SPL,1606.0,0.6336656140343281,0.3401887754809728,0.3021878797634519,0.2115129570947386
J2027+4557,SPL,1400.0,0.2709436176560356,0.1132219653193415,0.0725238909469056,0.038960863225186
J2030+2228,SPL,400.0,0.3917533631161515,0.2093190292174572,0.5625285455685424,0.3719168659472653
J2037+1942,SPL,400.0,0.4242692010638729,0.2408279657558105,0.7479176034909665,0.5212112684885375
J2037+3621,SPL,1408.0,0.1818174611209095,0.0689105354793423,0.091454691959351,0.0432465815905386
J2038+5319,SPL,1408.0,0.055748669648806,0.0213296542321696,0.0383313354850483,0.0187238765804225
J2038-3816,SPL,1360.0,0.0388423424918946,0.0125063975922232,0.0213866809583103,0.009016576849954
J2046+1540,SPL,1408.0,0.3065788958707172,0.1239111250916036,0.1229918020223717,0.065543490201233
J2051-0827,HFCO,2695.0,0.2319670936463079,0.0797589170828836,0.0346975522073428,0.0149776133549068
J2055+2209,SPL,606.0,0.925190054822292,0.4976039976778754,0.6695504002211053,0.465311150386747
J2108-3429,SPL,1360.0,0.0787849031145629,0.0315122615224751,0.0466616026551214,0.0239969407943859
J2113+2754,LFTO,1408.0,0.1055861265619873,0.029877539555889,0.0456805545537707,0.0157862177047965
J2113+4644,BPL,1606.0,1.3737713105587674,0.3266312895290658,0.3755157265485713,0.1271318080710388
J2124+1407,SPL,390.0,1.6056720661004558,1.2713950115845534,5.008213318987856,4.805846297968295
J2124-3358,LFTO,3100.0,0.3386400204658674,0.1016265374221638,0.0248815870296368,0.0166548526034385
J2129-5721,SPL,3100.0,0.0762826709572024,0.0167819947371498,0.0196422144578252,0.0062806202951341
J2139+2242,SPL,900.0,8.338804828440507,6.696860662332113,6.821378416196221,6.708062148083517
J2144-3933,SPL,1400.0,0.5170745980882079,0.3229061903486901,0.3789342224066833,0.3112740152606185
J2150+5247,SPL,1606.0,0.8856059566045077,0.4826130111269819,0.1218320538982253,0.0953052748197879
J2155+2813,SPL,400.0,4014.264128347252,32114.11297961226,276.2167864178823,2209.743981328472
J2156+2618,SPL,430.0,0.2829141521045317,0.1725540799347221,0.5988525578666003,0.4534004289686167
J2205+1444,SPL,430.0,0.0814568092455481,0.0359512423654574,0.128537799437044,0.0705280246454021
J2208+5500,SPL,1400.0,0.0647602681571069,0.0216014680877566,0.0326937541373926,0.0143396033399769
J2212+2933,SPL,1408.0,0.2280423754908966,0.0980253324989862,0.101402076188161,0.0554788207975685
J2214+3000,SPL,2100.0,0.1197805300630329,0.0566591205487395,0.0643417935723252,0.0371528634689049
J2215+1538,SPL,430.0,0.316655456335373,0.1624110119065208,0.8953344791728302,0.5541059493590387
J2217+5733,SPL,1400.0,0.0580838504238309,0.0177239317705043,0.0313178607717581,0.0122211531340602
J2222-0137,SPL,3100.0,0.151617005605903,0.0625139821903612,0.0426111047553552,0.0249390608093437
J2227+3038,SPL,400.0,0.8328105357809942,0.5544980019080052,0.6174610926212135,0.4951780396499364
J2229+2643,SPL,1400.0,0.069021980225006,0.0205718955716065,0.021950562903997,0.0089841707367519
J2234+0611,SPL,1400.0,0.1476983223296149,0.0853320904746942,0.1255268150159213,0.1012469906016881
J2234+2114,SPL,430.0,0.1184347723201152,0.0463078874447851,0.1503350639494896,0.0712618760250502
J2235+1506,SPL,400.0,0.3938429557167076,0.2288636843031626,1.0991597317939892,0.7667371192281163
J2241-5236,SPL,3100.0,0.1282218120051241,0.0309752772859541,0.0046165468149551,0.001590196359029
J2242+6950,SPL,1408.0,0.1239124897285035,0.0587656261163414,0.1230115013562294,0.074397698337544
J2248-0101,SPL,1360.0,0.0682681205411442,0.0228854106867522,0.0314892223856569,0.0134591102546394
J2253+1516,SPL,430.0,0.441131309813524,0.2451655885049102,0.7030622847507004,0.4808284702656107
J2257+5909,LFTO,4820.0,0.3898683394711333,0.0588737722487328,0.040195449701785,0.0169966381160313
J2302+4442,SPL,1400.0,0.6405646686656256,0.3812436610088285,0.2903632117493473,0.208454339348179
J2302+6028,SPL,900.0,0.1639762518530244,0.0505119289478104,0.1541636580134697,0.0603317440383357
J2305+3100,LFTO,1408.0,0.2068447649301009,0.0689724678475229,0.0732633630721246,0.0300276719547258
J2305+4707,SPL,1060.0,0.1808800798519784,0.0846665878672192,0.1880596574718847,0.1133379541026027
J2307+2225,SPL,430.0,1.445235634319284,1.4560853948410026,3.46714261666864,4.317544792332267
J2317+1439,SPL,1400.0,0.0400451029920332,0.0105048346680528,0.0090474090705403,0.0028407462302783
J2317+2149,BPL,1408.0,0.1196783031387833,0.032971328235843,0.0996590010169984,0.0355219357315927
J2322+2057,SPL,2100.0,0.1014812520925841,0.0553637616625989,0.0444505449450906,0.0349451430144117
J2324-6054,SPL,1360.0,0.3113381678876437,0.1486205035348271,0.1133895171084307,0.070217594152644
J2325-0530,SPL,350.0,0.1027721561515658,0.0513156815143171,0.0840570976913762,0.0504567448079575
J2326+6113,SPL,1408.0,1.5133027592079358,0.828557563604957,0.4945944297103558,0.3514392059564412
J2330-2005,LFTO,4920.0,0.1512889974454171,0.0354866521064784,0.044050188143584,0.0124004934818878
J2337+6151,SPL,1408.0,0.2398681033678908,0.0915277502726133,0.1174741220842036,0.058241110181361
J2346-0609,SPL,1360.0,0.6138732218454259,0.305244213080622,0.3200016970804634,0.2087240010966524
J2354+6155,SPL,4920.0,1.256330072624143,0.8093949478103313,0.3143853408013126,0.2549759766306557
