Pulsar,Model,Min freq (MHz),S150 (mJy),S300 (mJy),u_S150 (mJy),u_S300 (mJy)
J0023+0923,SPL,430.0,15.140912634386334,5.251438575096603,13.086580810576937,3.004956352191751
J0026+6320,SPL,325.0,14.72256955692951,5.665565096302136,6.594848675084848,1.2481413399497665
J0215+6218,SPL,350.0,14.451203392827711,10.788884486150234,15.750793603866937,10.556836231999227
J0340+4130,SPL,400.0,8.577633707220777,3.581272082198609,7.697837244909588,2.187894981815972
J0536-7543,SPL,400.0,354.4214655086874,112.17375697593958,168.93109262764753,36.8737386780674
J0656-2228,SPL,350.0,1.2897531398026991,1.003732353447341,0.5782162634920981,0.3062817779242056
J0711-6830,SPL,400.0,40.96420143715778,16.26164680949358,7.348870175571605,2.191633912343109
J0719-2545,SPL,350.0,13.149188995420452,5.565334097914231,4.114660308417395,1.1995780982390014
J0721-2038,SPL,350.0,8.354585517509578,2.707628686693992,3.612262970584656,0.7793496800436597
J0745-5353,HFCO,400.0,82.93426616973368,36.36772828700125,29.226188093690915,8.030793890797918
J0820-3826,SPL,350.0,20.492672969144017,6.029559588958446,4.246702604675321,0.9055677926356251
J0821-4221,SPL,1276.68,512.3380546898945,60.12232315712404,691.5330598669834,55.67772274808197
J0831-4406,SPL,1276.05,9.607493037865128,4.06620490273326,15.248101920612337,4.43110578434201
J0834-4159,SPL,728.0,10.236696302759258,3.3068875697109483,3.856756601809084,0.8659791683955929
J0838-2621,HFCO,350.0,3.5374098295751826,2.741245909835589,2.01158634461465,0.9973076133995332
J0855-4644,SPL,728.0,3.594565667892987,1.5959200619850389,0.9005955205593055,0.2942075581817059
J0900-3144,SPL,728.0,68.78668795516563,26.64220611254068,35.15604567941286,9.101366076924934
J0901-4624,SPL,728.0,4.724363055144424,2.283426618812699,2.8355857197798824,1.0247177577028053
J0904-4246,SPL,400.0,52.09467001438528,13.05543115019826,42.9884568846537,7.348173067665467
J0909-7212,SPL,400.0,25.965802719326444,9.92427579427588,20.340953412624824,5.1280933457412585
J0931-1902,SPL,350.0,3.794591325304921,1.9906526892766463,2.0570014948462974,0.7180907718421955
J0932-3217,SPL,350.0,7.351387791292901,2.874689558716605,2.03237032370528,0.5509482206160943
J0940-5428,SPL,728.0,5.525598769265276,2.800259148868741,2.007685101311928,0.7374069534353473
J0945-4833,SPL,1278.75,164.05384702920745,24.43458527835324,275.87156026239387,28.12779563992142
J1001-5559,SPL,728.0,138.81906117908875,26.328713131166644,125.1317348408066,16.431098983930294
J1012-5857,SPL,400.0,94.21854849589803,27.750063764611696,18.91839777691664,3.827352770248377
J1013-5934,SPL,728.0,16.513786599053073,8.566168923867025,7.325939928999423,2.587842553167721
J1015-5719,SPL,728.0,3.332112421054927,2.8458231704297097,1.797008404729611,1.1730342189106937
J1016-5345,SPL,400.0,22.78998865467093,7.29533348240686,12.601850787457812,2.9447978739941605
J1016-5819,SPL,728.0,31.85876844484515,7.589661890428116,7.4274647406913505,1.1561847197802684
J1016-5857,SPL,728.0,13.83126064811299,5.696698878536667,4.615187185880596,1.424867843813189
J1017-7156,SPL,728.0,42.011392827226,12.536530287866986,7.6517152728517,1.6291510461811722
J1032-5911,SPL,400.0,162.0712110814931,31.600839799477253,82.99007583099731,11.111698480514066
J1038-5831,SPL,640.0,16.766561483764395,6.770085941029377,32.34582696050213,9.006839956802569
J1042-5521,SPL,400.0,160.53241577832418,29.01624702872515,115.87320915071074,14.325322607004177
J1043-6116,SPL,728.0,16.93671873536461,7.532403047454263,4.018156293915592,1.3239408154020893
J1046-5813,SPL,400.0,149.54279344424415,34.34281572657725,56.52936333557555,8.909472949775692
J1047-6709,SPL,400.0,10.100564190842595,6.591160580193587,5.179163490349579,2.4486100245238114
J1048-5832,HFCO,640.0,26.23664713117145,19.06416669065071,7.117376327844091,3.6224733772653943
J1055-6028,SPL,728.0,20.039793674693534,6.357808473060863,8.069524603237864,1.939098864733757
J1057-7914,SPL,400.0,59.25652599432735,14.035002374602064,45.94062243862767,7.200660505642595
J1058-5957,SPL,1277.39,181.82600478980407,30.73726044020849,178.9768587089594,20.713853528949777
J1105-6107,SPL,660.0,17.06763359204666,7.507999026269934,3.8590572824918175,1.181648644794977
J1107-5947,SPL,400.0,27.12801371370957,9.36212601689808,19.339861899124788,4.595844372263431
J1107-6143,SPL,1342.75,21.843904866056487,7.503501909476781,13.716008477198416,3.251474211211197
J1110-5637,HFCO,640.0,15.238512123559111,10.143701355790334,6.705905560702285,2.9617358198097654
J1112-6103,SPL,1360.0,18.488140142089748,9.528147693036662,6.531305948521715,2.4388091407627583
J1112-6613,SPL,400.0,141.10749968677914,35.29169810174928,43.23573998542864,7.813979010242655
J1114-6100,HFCO,640.0,7.788848408760941,7.489535749376307,0.578949302511009,0.5080071472156338
J1115-6052,SPL,728.0,5.688158240210068,2.6370458936668086,1.3754160295736813,0.455270997445262
J1119-6127,SPL,728.0,23.5381772803856,8.931674293561603,8.687125306798032,2.3616153157436948
J1119-7936,SPL,400.0,64.10169525490244,15.54755509819741,51.50122253207413,8.374155112745559
J1123-6259,SPL,400.0,50.4166566194813,12.102550001028328,13.09448778526697,2.2873041240930823
J1125+7819,SPL,350.0,32.08310636707773,10.80089822640372,18.271119209534444,3.3199870155156064
J1126-6054,SPL,640.0,43.02684788810472,13.603368781196863,65.50717361225105,14.332170308740094
J1130-6807,SPL,400.0,90.08765707743432,18.798343540870043,82.4943137896563,11.79724180655715
J1133-6250,SPL,640.0,207.6913672232653,65.9085136329028,213.6116985578058,50.56911283257053
J1138-6207,SPL,1360.0,4.103033314381818,2.197038335026459,1.5699466861957465,0.6086385322056252
J1141-3322,SPL,350.0,3.6267912196243617,2.94235798931071,1.5451425825284266,0.8096828767259409
J1156-5707,SPL,728.0,3.3470301687766835,1.5668619337435392,1.1372141194919936,0.3810079586827176
J1157-6224,SPL,400.0,1932.8742886414136,379.7358840629861,728.8522485681356,90.03297492385413
J1210-5559,SPL,436.0,593.8751655418674,86.05522184001833,291.9890043336899,28.96899674934112
J1216-6223,SPL,1360.0,8.191652523860649,2.6567521974328545,3.653189452487384,0.8400657321159619
J1220-6318,SPL,1277.39,546.6594805739081,71.98336925063697,555.624926528181,50.11580921961544
J1225-6035,SPL,1278.75,13.33090854046781,4.139905288846094,26.032412873549298,5.540236200103465
J1225-6408,HFCO,400.0,22.85366313897924,20.19626044839932,0.2569000915782472,0.2270279818285405
J1237-6725,SPL,1277.19,12787.083494618912,597.7789516685984,13960.392231158808,446.8023634323266
J1243-6423,BPL,408.0,70.00298484947557,95.26865904685437,,
J1253-5820,SPL,436.0,114.95121249044216,39.787994262308274,66.62402841930468,15.125018765229338
J1259-6741,SPL,400.0,24.35255109972009,9.557052612288851,12.228040352105902,3.4168353410796963
J1301-6305,SPL,728.0,3.441989003058844,1.8388142466861552,1.0320956177142917,0.3930137033978428
J1302-6350,HFCO,640.0,3.276017181880352,3.235711792533112,0.6191643940889505,0.6027779945776353
J1303-6305,SPL,1277.16,480.1818132666552,46.99883938312527,1240.7071342551997,83.29040768577003
J1305-6203,SPL,728.0,12.28357302456156,4.921535931691228,5.280619442671653,1.5198016820146425
J1305-6455,SPL,400.0,423.74545280654166,83.08512981992324,293.5171531424302,36.37949823351983
J1306-6617,SPL,640.0,236.70500749353647,70.07928190886344,186.6945327878429,37.89326862623881
J1312-5516,SPL,400.0,181.11957309689183,50.30563473910791,78.09447146695969,14.884841990444334
J1314-6101,SPL,1277.1,525.6172765560069,63.09086452820957,643.098610196594,52.96233715699377
J1317-6302,SPL,728.0,90.75060034276235,22.88938125374594,38.92555873847999,6.953376951542215
J1319-6056,SPL,640.0,215.03451817030515,44.69438483304117,98.602451823942,13.715361602429526
J1319-6105,SPL,728.0,18.78399610544477,8.199742923397212,7.636519589613251,2.2942336969525563
J1326-5859,BPL,400.0,14.868159510770395,28.440470879915896,42.46491095676883,34.69915898829345
J1326-6408,SPL,400.0,395.4760646231626,78.63694167313423,134.7041094245633,18.420706968495317
J1326-6700,SPL,400.0,125.53892925571274,59.639865190595565,63.97887063034089,21.67298447831189
J1327-0755,SPL,350.0,13.298180890429558,3.4224635855853407,6.0574936265820645,1.0399676813398946
J1327-6301,SPL,640.0,274.31587270587085,72.6575401809544,153.9544763113813,28.016961881213
J1327-6400,SPL,728.0,3.3612247853582016,1.4280216937741093,1.8164989790695287,0.5654507348159337
J1338-6204,SPL,640.0,79.34450383985427,30.693054952795595,57.40619061805432,16.18186519536266
J1341-6220,SPL,1350.0,18.726205924069983,10.113275337429322,5.841053673095746,2.269761334448562
J1348-6307,SPL,1277.7,767.8795530996754,79.35097327564866,1783.3410513655783,126.13802245247184
J1349-6130,SPL,1360.0,7.094218657206337,3.4829339064179803,2.6494048037456888,0.9571447475018564
J1352-6803,SPL,1278.75,1016.60643580035,132.79458345862278,710.4840655060995,63.64484843823621
J1355-5925,SPL,1342.75,20.96282011814786,7.28847225559722,24.45055927127886,5.871044988245443
J1357-62,SPL,728.0,462.6201465362293,137.64298515363552,259.222439513029,54.40742852129996
J1357-6429,SPL,728.0,12.967458610706712,4.712268893508238,6.1684321730407,1.5842126853360778
J1401-6357,SPL,400.0,556.9840801116065,142.78268513370355,207.5083367196551,34.32326760763345
J1410-6132,SPL,1360.0,10.492489208358698,6.216814034537494,2.527364092309906,1.131651265638829
J1412-6111,SPL,1275.57,78.85673867112578,16.38772085706741,172.03438675409112,24.559371257330916
J1412-6145,SPL,1360.0,17.445068643973826,6.249142592097488,6.195132128689144,1.6548307117266543
J1413-6141,SPL,1360.0,2.979750154496577,1.9693161142962192,1.0538286277941509,0.5110372060781931
J1413-6307,SPL,640.0,11.86772329548528,5.5491852915520985,10.876436784039209,3.57679965883484
J1415-6621,SPL,728.0,17.84068815218881,5.791601789124284,11.385294182069751,2.5344368958472296
J1420-5416,SPL,400.0,112.87650480870984,23.878740649233617,73.66007391880106,10.686258954577363
J1420-6048,SPL,1360.0,2.2356385106210706,1.8146405247771265,0.7753684345106159,0.465324668753038
J1424-5556,SPL,1277.64,35.15050594257997,9.146560964658658,64.38900425003636,11.484929317020947
J1424-5822,SPL,728.0,78.52057341036841,21.05404093041362,53.28055931931955,9.880100195093195
J1428-5530,SPL,400.0,174.25107287865094,65.4609965343734,62.03939091312141,16.000013095762796
J1444-5941,SPL,1277.49,250.83050045307849,38.77284429602198,450.9254570030899,47.86468878474191
J1446-4701,SPL,730.0,44.77621386353885,10.676613619419,15.476571238925308,2.4384918794726964
J1452-5851,SPL,728.0,3.9068375564788056,1.7662591683544602,1.5529557513126917,0.5188044754308346
J1452-6036,HFCO,728.0,2.359582767856357,2.278497528926653,0.1499581574303863,0.1399441949065485
J1502-6128,SPL,1277.39,977.3301161798746,99.1220266009602,1648.0062037185398,114.25261204321887
J1507-6640,HFCO,400.0,43.26410051276452,17.129374154532176,27.626278137102226,6.8405191647470565
J1511-5835,SPL,1277.18,1134.2423925829971,113.65437443667123,1837.683468988566,126.15835072467452
J1512-5759,HFCO,640.0,97.21259253752363,47.02008200653575,34.86395888433867,10.537510490179406
J1515-5720,SPL,728.0,32.74417409692697,7.0912711014338665,12.991716821414808,1.8804634237129063
J1522-5829,SPL,640.0,339.3726002664094,90.3394257173968,184.8370602428779,31.975802440522656
J1524-5625,SPL,728.0,9.79969401424908,5.068023688840537,3.231232627318286,1.2406607198471968
J1527-5552,SPL,400.0,409.5917784402216,61.135241000585154,256.82116263709617,26.248917735936654
J1530-5327,SPL,728.0,6.674586865494124,3.510867831428238,3.8596854474825526,1.4356980910854074
J1531-5610,SPL,1360.0,2.041420390014259,1.5370783704850173,0.7283775456822659,0.4076236455495661
J1534-5405,SPL,640.0,352.0907372097366,63.72709937248369,158.27675961473452,19.698659289582867
J1537-5645,SPL,1277.28,11.959420238722384,5.939057307388848,19.70847467825015,6.726764402523537
J1538-5551,SPL,1360.0,8.027669058946858,2.9287024732322138,4.055085291438566,1.0662057446221918
J1539-5626,SPL,640.0,43.86974409478038,21.915162494036384,9.62817532412966,3.537963116173959
J1543-5459,SPL,1360.0,28.62919950363209,9.25278547947075,13.052219587788615,3.0180996001022566
J1548-4927,SPL,728.0,59.558824739436304,14.33448186134529,51.74935341336349,8.517170413413861
J1548-5607,SPL,728.0,47.54110256186245,14.912266507962846,16.604811878060772,3.926647620122086
J1549-4848,SPL,436.0,93.5749159486074,23.56158513903664,54.05894536056774,9.8775950027904
J1551-5310,SPL,1360.0,12.601273890425832,5.072622656669485,4.310451442150967,1.304533188478297
J1553-5456,HFCO,400.0,77.07081279551579,25.73806341969033,70.59272612142718,15.08686757889044
J1555-2341,SPL,350.0,43.55070533679771,13.102330294929242,7.746696095010842,1.6131062937721825
J1555-3134,SPL,350.0,62.59896917269823,26.880844899624424,11.101851355016828,3.2668210550857166
J1557-4258,SPL,436.0,697.9275012712178,127.7738785398362,251.6654501749568,31.567624580078174
J1600-5751,SPL,400.0,191.33117268446955,49.2455706992925,46.87525264291169,8.173795578957332
J1601-5335,SPL,728.0,6.507495695499722,2.2687783307652545,3.0913195636990123,0.7579875917133565
J1602-5100,SPL,400.0,357.9074642613783,109.684290304891,110.34599650695384,23.20792381099882
J1603-2531,SPL,350.0,3.0010782168695176,3.5171609600554894,1.3094029163841314,1.0532926964181923
J1603-5657,SPL,400.0,51.41209659956372,14.604301120009753,58.18671233322402,11.346997203506726
J1605-5257,SPL,400.0,148.06180722493988,71.43255655179557,95.85241816751224,30.96688983678233
J1611-5209,SPL,640.0,15.466678666540323,7.190971193856869,4.3487107329220365,1.389158151567028
J1614-2230,SPL,350.0,16.469630876226034,6.861137010826646,6.050968822447765,1.6787960222209788
J1614-3937,SPL,350.0,75.03786245855272,15.275930738622254,16.87118987717062,2.34588637385064
J1615-2940,SPL,350.0,34.17890158244947,7.056242416861752,17.678739432143402,1.463456592889677
J1615-5537,SPL,400.0,92.61018699979734,21.970188518224443,60.37757534844869,9.81737958387034
J1622-4802,SPL,1277.28,9.716567373030998,4.520696956032071,5.546326067380115,1.7748864693172612
J1623-4256,SPL,400.0,104.52588585902647,32.78755694418836,72.05207208558524,15.506590556912435
J1624-4411,SPL,1277.17,13.154051640145925,4.712840966061452,28.24474066466941,6.948898302031552
J1626-4537,SPL,728.0,28.60804245105539,9.869935262108184,17.081990897336077,4.051598032529317
J1627-4706,SPL,1360.0,3.3679075550656745,1.3403871037763608,1.4464134321833877,0.4173597401044678
J1627-4845,SPL,1277.56,7.968527121790081,3.5611118870508487,22.934432893297767,7.039740809051981
J1627-5547,SPL,1342.75,75.82449005466692,16.913104175693025,103.04559664921538,15.863610480091388
J1628-4804,SPL,1274.9,50.60509129977817,15.670857116916316,87.3304052740634,18.57262408094585
J1630-4733,SPL,1360.0,7.068232726380115,5.973029764937084,4.4748522172378,2.8004053124730377
J1632-4621,SPL,1278.75,60.17811719375872,16.12185764282461,24.862796146950767,4.598921762735008
J1632-4757,SPL,1360.0,5.800452275259314,2.6763152297607715,2.1238691691270954,0.7322612877184543
J1632-4818,SPL,1360.0,29.12688626454569,7.921001346057426,11.76670735679039,2.3779287860876352
J1633-4453,SPL,640.0,68.88743250093216,25.08305617772228,85.99410919070168,21.47124335649833
J1636-4803,SPL,1278.75,177.0630113588939,42.64592670332935,73.7500051276576,12.255804551272425
J1636-4933,SPL,1277.31,3098.8319875144257,204.91586004840272,8699.240166776,395.5182824864669
J1637-4553,SPL,400.0,30.989845566241637,11.356935783301228,10.442541396939871,2.8347191253360378
J1637-4642,SPL,1360.0,3.759526461536315,2.398371142907874,1.2582783369581128,0.5903622657703204
J1637-4721,SPL,1277.19,141.80908015509428,27.04414910054988,289.6027920167683,37.91703691530554
J1638-3815,SPL,350.0,2.3811875994230665,1.6091663794719933,1.0284757166470226,0.4768520854520491
J1638-4417,SPL,1360.0,14.63012295005423,4.248936436820005,18.04983857242185,3.632954352056381
J1638-4608,SPL,1360.0,14.796412651240978,4.903538281251533,5.52612197918874,1.3197491153618042
J1638-5226,SPL,1277.39,106.10113803218626,21.25589654402545,147.6672532192422,20.27357019628182
J1639-4604,SPL,400.0,161.28606467323746,31.8000954985742,94.83239149176708,13.03004665058811
J1640-4715,SPL,728.0,19.086936396085378,8.619101823827881,6.3009321890915295,2.112273465770951
J1643-4505,SPL,1360.0,1.743265792945425,1.1364402617884677,0.6404917623949069,0.3007572994566582
J1646-4346,HFCO,1350.0,8.748723545035078,4.862056666258023,6.395040221739703,2.451944138371952
J1646-6831,SPL,400.0,93.72343222751287,34.86840285193832,52.684586896378775,12.418253775984953
J1648-4458,SPL,1276.91,57.95267025215431,13.467438477676543,196.1182471290521,31.315307416093237
J1648-4611,SPL,1360.0,1.2813769399737267,1.013089290170273,0.4401174420935021,0.2527616738269521
J1649-3805,SPL,1277.14,200.12011294242325,41.28566469271157,229.70522697214173,32.49209489022732
J1649-4653,SPL,1277.32,5.213113533099079,2.2295299913190534,1.8630177254026687,0.5671246216158066
J1650-4502,SPL,1360.0,4.192339959722429,2.233863484561661,2.3262333972952627,0.8933545263231223
J1651-5222,SPL,400.0,230.213457161031,61.66412680001851,140.02292385923218,25.459559263071863
J1652-2404,SPL,350.0,44.96811499177681,15.2573408858818,6.482959063159685,1.5055923511218865
J1653-3838,SPL,640.0,7.558790728643758,4.530574801339343,5.478454520998703,2.2866565088521287
J1654-2713,SPL,350.0,15.8192160405751,4.463720080455525,6.113732487475298,1.0421607362571117
J1658-4958,SPL,728.0,320.2824932332415,62.684849590497926,164.96570821983377,22.078537619248305
J1659-4439,SPL,1277.25,4.527441849514,2.1886652594471507,10.607327610657364,3.525632615051792
J1700-3312,HFCO,350.0,11.405187835610162,6.37516038400805,3.339486226232748,1.1928301096774794
J1700-3611,HFCO,350.0,4.113776812464909,3.356548955528976,1.9673729095846528,1.0110120593835223
J1701-3726,SPL,640.0,471.3868299150077,100.5953331392776,278.522615607675,38.63521022755284
J1701-4533,SPL,640.0,57.70063758051541,20.84241683064677,21.962129409868727,5.650043548321412
J1702-4128,SPL,325.0,2.2295509271695004,1.816187051689653,0.5779772871736459,0.3520872164475822
J1702-4217,SPL,1276.88,40.66360960416983,13.446610148251972,131.47572622357657,29.89216845095857
J1702-4310,SPL,1360.0,6.206151219035498,3.3450349862439728,4.573088867703535,1.741279196827827
J1703-4851,SPL,436.0,275.151590774889,50.05054916368365,196.8182223462545,23.78702184963557
J1707-4341,SPL,1342.75,22.75645118595896,7.095790946484767,41.9561203125645,9.054081795081032
J1707-4729,SPL,1278.75,48.48748736168096,19.492864931624965,31.34407945191661,8.657127482183755
J1708-3426,BPL,350.0,21.86171502336424,14.894510029623886,26.30004158020743,9.673852776490667
J1708-3827,SPL,1276.78,104.51886606285072,19.210430202907528,272.8655554791519,34.51961043840062
J1709-3626,SPL,1276.22,4.15541126033586,2.2554557108771296,9.19988234120266,3.428742074124662
J1711-5350,SPL,400.0,68.40188085585116,17.21827999086388,38.04061049857722,6.574527114811843
J1715-3903,SPL,1360.0,3.5561025652916816,2.06052842190974,2.147255610429526,0.8965444609381008
J1715-4034,SPL,728.0,209.12690365012404,48.485990510771536,102.00895697759292,16.28489291037502
J1716-3720,SPL,1276.91,2155.5501423121104,149.73728719043478,4820.299832485229,229.48958129910773
J1717-3953,SPL,1277.7,2206.6664900870865,220.2371082139913,3032.0809641666647,207.38588866263967
J1717-4054,SPL,400.0,197.78754694235215,40.8527188275624,176.14061628967949,24.69606679918128
J1718-3718,SPL,1276.72,17487922.867374476,68312.19870068155,5809334.104739995,22692.711346640757
J1718-3825,SPL,325.0,1.1673136454688833,1.2799246848647683,0.5059107997023714,0.3783285346212417
J1719-4006,SPL,640.0,32.820356194371854,11.79389986054366,19.431385371529544,4.908586093330924
J1719-4302,SPL,1276.31,559.4146582693626,58.26781517372076,1333.1901701220354,95.31026593233744
J1721-3532,HFCO,1360.0,46.60870117075156,33.44168415393563,9.13549817027742,5.236087606522074
J1722-3632,SPL,640.0,28.5158708221259,13.908004783751805,26.25574265584772,8.78458860841727
J1722-3712,SPL,350.0,175.36291778889031,50.894971586442175,43.9224879242456,8.344484599476857
J1723-3659,HFCO,325.0,2.9887636601203,2.8728140961373456,0.2042343841023724,0.1918222879302818
J1724-3149,SPL,1278.09,15.218809324321922,4.969652656815839,41.400439926925856,9.295245051148717
J1725-3546,SPL,1276.62,5391.895264247149,337.89939714003145,10199.065938331316,439.39698546699447
J1726-3530,SPL,1360.0,2.718753085858825,1.4564422079351522,3.7193221083622783,1.3834584891267812
J1727-2739,BPL,350.0,4.4999872908283765,5.4630952979706775,3.103116716293888,1.557978195082301
J1728-4028,SPL,1277.69,414.9117320967927,61.629913116431126,565.9677461854326,57.64526571036586
J1730-3350,SPL,1350.0,137.823395673069,44.04002377363667,88.0384411575514,20.555676012739596
J1730-3353,SPL,1278.02,3644.818711634335,209.5328149268532,9165.72227674697,361.1178118003891
J1732-4128,SPL,400.0,72.77919715614101,19.284633049266517,43.89494856964263,7.997455163119404
J1732-5049,SPL,700.0,127.05883965389005,32.87041609263187,186.06339519072984,32.101193741137
J1733-2228,HFCO,350.0,29.13552288649035,25.38813481247709,10.724097618238584,3.618676212346196
J1733-3322,SPL,1342.75,279.776812035869,50.24052326733216,623.9652333397817,77.3209847545664
J1733-3716,SPL,640.0,12.778894130258577,8.503263166865745,6.755527587383194,3.177806195928089
J1733-4005,SPL,1276.84,942.3902697810594,95.27591450139684,1112.5025116056763,77.1514528512506
J1734-3333,SPL,1360.0,2.214857783882971,1.439840709858497,1.0961675043215573,0.545791459053227
J1736-2457,HFCO,350.0,8.061075336606297,5.462905678545556,4.610691486562491,2.023427118869535
J1736-2843,SPL,1277.32,457.5727585939106,50.14696027947776,844.9052734868854,63.53814485457521
J1737-3102,SPL,1275.83,139.10186459427726,25.5140035189773,230.96697867181436,29.09779712571255
J1737-3137,SPL,1278.5,84.77665729633736,21.15777495809486,34.229551044248936,5.965737365917103
J1737-3555,SPL,606.0,11.843011338629116,4.983135134049458,6.005691343447162,1.7085219745469105
J1738-2330,HFCO,350.0,11.80767379133905,7.871460102076877,21.652654813558737,9.426219591550606
J1738-2647,SPL,1277.25,270.8730172373512,38.40945209228161,526.5750533462201,51.2892284917713
J1738-2955,SPL,1360.0,30.431016776027647,6.62179200990792,31.597588140230656,4.793184919576123
J1738-3211,SPL,350.0,11.03276818167922,5.998658623817292,3.9782853903214175,1.4435952713228808
J1738-3316,SPL,1275.67,4213.742758604682,269.7491673352973,10929.770238792626,479.7702948735669
J1739-2903,SPL,350.0,43.69216235340616,20.30481401511303,33.501363181526,11.777529490619523
J1739-3159,SPL,1277.7,133.1560271622984,28.68249532873152,228.5305270604184,33.785097123208914
J1740-3052,SPL,1278.75,1345.1380898387426,134.5343005696353,2173.320899066499,148.94386010099564
J1741+1351,SPL,430.0,61.40342704417667,9.847702916743785,49.16893719318944,5.213599574307953
J1741-2733,HFCO,350.0,34.699587288530644,18.93091500982016,9.566782242856744,3.219261825930644
J1741-3927,SPL,350.0,89.68586719619819,36.950940783350994,17.24194308840565,4.858856607007132
J1744-2335,SPL,350.0,240.6896131158019,27.44752848900937,234.59333642490893,16.943889929053363
J1744-3130,SPL,610.0,8.645475718007125,3.883063137771442,4.867251486037934,1.5091167745091365
J1746-2849,SPL,1400.0,10.721318722603243,3.809594156474001,16.360041800779314,4.579008977401223
J1746-2850,SPL,1400.0,1.5340378538470585,1.2218612665580724,2.4120738872939484,1.517489172820879
J1747-2958,SPL,325.0,44.69545532181542,8.992049497880389,8.661839166110656,1.077474329620547
J1748-2021A,SPL,400.0,112.60926222550968,19.40620834531869,127.39317697040492,15.031867642265274
J1748-2446A,SPL,600.0,138.99365199066293,26.131666804897726,268.618961001702,34.68139307248011
J1749-2629,SPL,1342.5,146.31086005407528,27.78913996355503,279.69047228150777,36.73834436444293
J1749-3002,SPL,606.0,101.79737265425646,35.92730448161361,45.91092956236766,11.336487914109874
J1750-2438,SPL,1275.87,2893.6999230698625,202.9475192123335,3714.5924249986433,178.94872982883044
J1750-3157,SPL,606.0,22.61234018962612,9.438430933799538,12.52174922721488,3.5828646317236434
J1755-2725,SPL,350.0,23.355550644039003,8.61800223146666,13.976882181755425,3.5413627027361247
J1756-2251,SPL,1276.34,61.190413192027,16.172291128802012,26.705773420055948,4.743900701244366
J1756-2435,HFCO,606.0,6.311490757948007,4.761003913407698,2.777693649696221,1.422597499794196
J1757-2223,HFCO,325.0,1.8664136452278737,1.7920161042286702,0.085231661044588,0.0774052530406714
J1758-2206,SPL,1276.46,826.6429147631491,80.14164749059523,2463.979861586265,163.97398798647637
J1758-2630,SPL,1276.17,4.172636710445087,1.6717898198907686,13.510121829862255,3.719666922570581
J1759-1940,SPL,1276.34,368.126291275816,61.46333465314365,702.531283250936,80.49436162201148
J1759-2922,SPL,350.0,101.68460354603268,20.17684331952877,47.10729185030098,6.218028616882278
J1759-3107,HFCO,350.0,17.68046170350931,8.891972730154329,6.679889548237514,2.247839133589446
J1801-1909,SPL,1277.08,6071.822956789036,331.3332283477826,10384.104376986714,388.286982449223
J1801-2154,SPL,1360.0,4.109064278070309,1.606206219926981,2.678831170517832,0.7533835377684958
J1802-2426,SPL,1276.92,16.098720250089013,5.205094712259649,38.70576414871404,8.592221825458143
J1803-1857,SPL,1277.96,13.295112717674629,4.375686179620923,18.97917851954997,4.2840789387659655
J1803-2712,SPL,640.0,13.617964056086176,6.023052465641618,26.264069251709227,7.996545720371416
J1803-3002A,SPL,900.0,78.85764481457137,18.41082406278384,26.70484454378305,4.021465293396606
J1804-0735,SPL,606.0,1.9093382842296207,1.4845346740559564,1.171538537003812,0.6279228278866285
J1804-2717,HFCO,350.0,16.202268994119844,11.926467712350457,10.362846146948124,3.798759617947413
J1805-1504,SPL,728.0,293.5316314750376,79.77393511111862,295.17733264218833,54.78548128088184
J1806-2125,SPL,1170.0,71.73309278402246,17.602229809075332,39.354715913756166,6.797422740421591
J1807-2715,HFCO,350.0,100.2899905791398,28.470325284014187,45.17201416120766,6.200934505981664
J1808-2057,HFCO,606.0,32.90843141135746,16.41134020970834,12.876387303533118,4.4098792001762455
J1809-1429,SPL,728.0,65.32208393034666,16.992891609229737,37.89913355305295,6.770178586713014
J1809-2109,SPL,606.0,84.81272640610628,20.853310447413275,114.16548759055566,19.055614454095853
J1810-1820,SPL,1275.64,16.012011986950064,5.980498840001951,40.86144516996767,10.488255227584794
J1810-5338,SPL,400.0,88.58817806390894,27.966506896137297,52.746148798320085,12.191096775124072
J1812-1718,SPL,1278.5,165.32884281747974,36.08164329875156,97.0055839971086,14.493509494772734
J1812-1733,HFCO,728.0,54.92665357412484,27.96792439584249,20.6659038048791,7.157691197747278
J1812-2102,SPL,1278.5,124.27752080584732,31.8622911728985,44.8834076615928,7.957013722183018
J1813-2113,SPL,1275.34,274.5883251672117,38.49665815824983,606.5500038094611,58.380865934072176
J1814-1649,SPL,1278.75,33.67200582365846,12.302503060019822,45.46433248951806,11.409736551599886
J1814-1744,SPL,1276.87,1069.687720421336,105.3356532728962,2333.5294468662687,157.74706197720843
J1815-1738,SPL,1360.0,5.915166058061499,2.498869757489206,4.084354306345599,1.234141486350092
J1816-2650,HFCO,350.0,55.66975257446839,26.88167308320112,17.942596380972343,3.98668218009213
J1817-3618,HFCO,350.0,24.800666167136647,16.16865765018741,6.270330573970899,2.5030653261590063
J1817-3837,HFCO,350.0,9.671801220005516,6.404706295189086,2.763568439080611,1.2146879261124512
J1819-0925,SPL,1278.75,645.8390778239414,80.30492406804639,686.2746804499259,58.5004776481894
J1819-1510,SPL,1275.39,1315.0458925604055,129.40613020583172,2313.7098601552834,156.3020298146142
J1820-1346,SPL,606.0,150.39153859023634,40.18665559245108,68.62727151443138,13.557487789128016
J1820-1529,SPL,1278.5,46.63625652604484,13.722413589583295,18.778871436958,3.910512669347018
J1820-1818,SPL,640.0,11.588557673484914,5.693953122432686,19.91208484887051,6.761188854861215
J1822-2256,LFTO,350.0,27.51163864262695,31.7551948500746,9.817576680896478,3.624973120526173
J1822-4209,SPL,436.0,26.375673857141976,9.237967141643296,26.012502154343533,6.349252665729171
J1823-1347,SPL,1277.56,6.853994827364949,2.93087785604664,22.47507411496977,6.608341508182173
J1823-1526,SPL,1277.44,76.70201529860606,15.098813049210364,155.81406101796546,21.11713587759589
J1823-3021B,SPL,350.0,28.115989585065087,4.994651906369058,7.793687827511132,0.7020019429557546
J1824-1118,SPL,606.0,194.7318286916973,42.50618333752263,52.50411869441669,8.53014693070628
J1824-1423,SPL,1278.75,17.04488707009874,7.314848104911485,17.99011094943612,5.294731046236701
J1826-1131,SPL,606.0,272.4049183400676,48.24352569636859,67.44179782693745,7.256215864121212
J1826-1526,SPL,1277.09,38.34837654276375,8.75153382516676,92.3338854136946,14.486144847164374
J1827-0750,SPL,728.0,154.42875213452908,44.32723044991056,68.98427825381755,13.648946429086504
J1827-0958,SPL,1278.75,725.3783810614984,119.9796297095217,615.7848720532274,69.85151011320035
J1828-0611,SPL,728.0,47.81913521968674,16.735183415052152,17.070031297306677,4.104239181332792
J1828-1101,HFCO,1360.0,4.409860152992494,3.875477996163972,3.08791443805844,1.951661806758715
J1829+0000,SPL,350.0,19.68486152567178,6.451166203287025,10.258602529692348,2.30387455225114
J1830-1135,SPL,843.0,206.84638792549092,41.45161840304775,247.48707294497373,34.05678470262889
J1831-1223,SPL,728.0,101.80066394227036,25.723636339743788,44.26361709410303,7.684081923959837
J1831-1329,SPL,1276.91,900.4157354073271,91.95022756600116,1059.018323246812,74.18362811095588
J1832-0836,SPL,820.0,12.009673983001315,5.2381795053596445,4.242445289677487,1.2956260880331352
J1833-0559,SPL,1277.39,21.42193335445179,8.095969755550065,45.16053176835303,11.719312290374711
J1833-1055,SPL,1275.09,168.8394626609959,37.99951551521863,284.9421175725996,44.01849306540533
J1834-0602,SPL,1278.75,64.3595231887382,17.29721390597094,89.74534029514876,16.564461525304157
J1834-0731,SPL,610.0,45.847235868276016,14.560465237528168,11.411664722079855,2.7214422522146067
J1834-1202,SPL,1277.15,6.695112552220724,3.507813557867437,11.141608300486627,4.004841770377449
J1834-1710,SPL,728.0,25.843497004408484,8.525174910879356,18.48137469059026,4.18448057621907
J1834-1855,SPL,1276.86,71.18661340968275,14.286362115287474,123.93450572654844,17.076591382308976
J1835-0924,SPL,1277.07,5.290768713338213,2.393214958309484,17.08008922852567,5.308777871082584
J1835-0944,SPL,1276.74,41.05987239068625,10.813999570959764,104.43019488286618,18.90030268409168
J1836-0436,SPL,606.0,51.347858250799575,18.9586540470738,25.05615757428845,6.348347365706324
J1837-0045,SPL,350.0,22.43818053748237,7.150763911695136,4.887536988264947,0.99204528279647
J1837-0559,SPL,1342.75,41.0893921501488,11.086042692706068,23.95291274565129,4.500504400317729
J1837-0604,SPL,1360.0,5.236414465693411,2.867394938683721,2.9289538264371724,1.1654340537217245
J1837-1837,SPL,1278.21,104.15777019512248,17.928897723684788,202.5899886191904,23.94196925395716
J1838-0453,SPL,1360.0,20.21647250707088,5.82363798593638,13.35610966005228,2.827456457666824
J1838-0549,SPL,1360.0,4.265246521509567,1.9437428213930144,3.4010515941298465,1.1290101000214057
J1838-1046,SPL,350.0,36.33395531283414,9.017599605410457,16.97668926161035,2.8933288971871742
J1839-0321,SPL,1360.0,10.209602740792214,3.205988563580985,7.063287829975299,1.6012730890919962
J1839-0643,SPL,1278.75,55.00787702863298,18.883243668243,33.6074770539974,7.935146514187739
J1840-0809,SPL,728.0,71.93739773323698,25.67005000253718,26.6387594212754,6.573499805844627
J1840-0815,SPL,728.0,318.39552404333887,64.66922428100898,162.48330271199606,22.72598849825338
J1840-0840,SPL,350.0,143.57889883483685,36.61956957945127,69.26987869791267,12.168936378970711
J1841-0157,SPL,1278.75,21.84429056376232,9.867655003701538,38.84474084223233,12.041942798739417
J1841-0345,SPL,325.0,11.28976415164135,6.226318544600025,1.6928667585247086,0.7308197390550183
J1841-0500,SPL,2000.0,1040.273567288281,259.8242578243284,626.4433498225548,120.2694038073314
J1841-0524,SPL,1360.0,11.725648624682789,3.313119617648233,9.243145570063804,1.8975966329193277
J1842-0153,HFCO,728.0,3.205088887822657,2.3650148053365725,2.0818526430756337,1.0428878137938469
J1842-0415,SPL,1277.49,2.4258805554582934,1.3563144035147616,6.675375137020701,2.567605264006097
J1842-0905,SPL,610.0,16.806400883036353,6.937619902707771,7.898531028681052,2.249042828465748
J1843-0211,HFCO,728.0,6.302034938911056,4.249729976271054,3.7636088786234985,1.707662607980901
J1843-0355,SPL,1360.0,3.385190070570023,2.221685424775438,1.7602909604804158,0.8452371019781735
J1843-0806,SPL,1277.34,352.1423622509011,43.58929717642205,764.8651259616338,64.94571403979444
J1844-0030,SPL,1276.9,172.39414310123885,26.77251903751706,426.4449623377612,45.5360841704547
J1844-0256,SPL,1360.0,2.0760584609496973,1.3789335136045948,1.2212255798965683,0.6037622531472032
J1844-0310,SPL,1277.11,256.5397832998933,42.28534857662413,911.1730146329356,103.1101296900554
J1844-0433,SPL,350.0,65.15028563127619,19.02558101310314,9.648376608292764,1.761562328217501
J1845-0316,SPL,1277.04,441.69127104537,50.00252058980131,1896.942377061226,147.62922510974437
J1845-0434,HFCO,606.0,5.408048724220222,5.052563553233192,0.6994669754916385,0.6140674007366892
J1846+0051,SPL,1275.45,922.2372341697549,72.69591582947669,3241.342753402376,175.34210466578443
J1847-0438,SPL,1276.31,27.079683477172637,8.163847695994715,18.60954818964004,3.86095982846109
J1847-0605,SPL,1278.75,232.5415357397741,42.86063399905599,305.17015149639565,38.57543996244439
J1848-1414,SPL,436.0,100.5505703099858,19.915044894993837,67.42667570613347,9.199282030653832
J1848-1952,SPL,408.0,83.46426549252618,26.401283724122084,32.49631404831668,5.7683273303044205
J1849-0614,SPL,350.0,67.8094437072776,16.129472113523516,38.27182575600842,6.270677705444224
J1850+0026,HFCO,350.0,20.14226816694614,10.908276397476754,6.679713234882265,2.179106723563967
J1852+0305,SPL,1276.95,435.3782699747091,39.41288532272234,2118.5657588578497,131.48217458383462
J1852-2610,SPL,350.0,103.66455795266565,24.45065834957929,46.64067903595895,5.865190106284182
J1853+0545,SPL,1278.75,24.753321754837973,12.659101562943407,9.210487887562577,3.237794498120929
J1853-0004,SPL,1278.75,127.92960854356886,27.68167375142075,67.35430306416305,10.182849627323868
J1854-1421,SPL,408.0,39.70693839740125,14.922232115674769,9.169302859097169,2.200369128453978
J1855+0307,SPL,728.0,24.63872529829991,7.859136322996877,11.97664017877742,2.615398244419358
J1855-0941,HFCO,350.0,14.669196072339195,9.19234583071886,7.663549868237498,3.114238014118724
J1856+0113,SPL,350.0,22.194515322932407,5.114579465661769,13.363531479114616,2.082501382356406
J1856+0404,SPL,1278.01,201.31471859342355,28.651860278499903,660.0423990540014,64.41115446294847
J1857+0143,SPL,610.0,33.207266955515,8.922983951731604,14.90600001756917,2.643158279985365
J1900-0051,SPL,1278.16,118.91376515247453,20.756445374082315,269.41757715879754,32.30923457857081
J1900-7951,SPL,400.0,47.95600199670043,14.008974415934397,36.98776716280188,7.416661811896051
J1901+0254,SPL,1277.33,38.83344580698831,12.688729564018168,57.81061568773804,12.961559970292084
J1901+0413,SPL,1278.75,75.28398435386062,20.072330198531294,99.0559872168178,18.152582198189137
J1901+0716,SPL,606.0,63.48402252815092,18.110807942024337,15.675287220628014,3.081143935183079
J1901-0906,HFCO,350.0,11.600216364680527,9.217084768446291,4.19052987332995,1.998094439933143
J1902+0615,SPL,400.0,291.4056633790769,58.22931810195528,73.4397024752058,10.055089442874216
J1904+0004,SPL,350.0,22.864794752005565,10.52195330711764,5.169491103548432,1.57142267386061
J1904+0800,SPL,1278.31,1.746728533078978,1.1515247567500384,4.949747908410844,2.241230807260314
J1904+1011,SPL,400.0,24.42555204996422,7.260260494151614,4.316224536061224,0.8671570430101734
J1904-1224,SPL,400.0,90.49868519788484,15.331895103790188,67.91167093425376,7.923895336018863
J1905+0709,SPL,606.0,38.89822407332035,14.988922745934437,10.640603919604407,2.739346429171465
J1906+0641,SPL,400.0,7.586676225261749,4.887197970463585,1.8218158404935687,0.8764412558688669
J1906+0746,SPL,400.0,3.7136063492569207,1.5538200329748009,1.3098054079308066,0.4331890850356004
J1907+0918,SPL,400.0,2.202941558764294,1.0108906537902531,2.3944152917399104,0.7651401367087978
J1908+0500,SPL,430.0,40.28609596300883,12.179441969371627,44.312984190179805,9.052402760697516
J1909-3744,SPL,350.0,17.14627097665333,8.352852044239203,3.667890179003584,1.3000193272184266
J1910+1256,SPL,1284.0,15.19328716642134,5.411475920960686,26.62001274224826,6.373970247961766
J1911+1347,SPL,430.0,46.68755126509964,6.604082451669395,45.12267159985932,3.784600715213836
J1914+1122,SPL,400.0,2.009427026527456,1.3462435856556385,1.4032707718813595,0.6274506645803005
J1915+1606,SPL,400.0,25.108741834279524,7.31366576224848,14.424348139815386,2.84374506973123
J1932-3655,SPL,350.0,5.531644040515524,2.3554626753897576,1.809973918941009,0.5407995243614571
J1944-1750,SPL,408.0,95.06927889658036,16.511284633796016,25.713385435109075,2.1848941715098547
J1946-2913,HFCO,350.0,16.38366555232061,9.618007051345618,7.205256046191278,2.138589756566624
J1949-2524,SPL,350.0,30.64363469446184,8.450610371011729,8.835165052728415,1.3177726798489664
J2007+2722,HFCO,610.0,2.5979225647887447,2.5592092260414447,0.0718487806947595,0.0691470366235458
J2010-1323,SPL,350.0,8.063724110261921,3.619734049439183,3.623572488694988,1.0862331120726558
J2038-3816,SPL,350.0,11.999336097357856,3.8635277495838367,4.923397068609834,1.005546408588165
J2144-3933,SPL,350.0,6.045539068768392,3.584346214039436,3.0567430042226382,1.1910423131361227
J2217+5733,SPL,325.0,31.58627877842382,7.692700757751761,8.394638190614963,1.1937672754174191
J2234+0611,SPL,400.0,2.2677738463628985,1.3442000688913966,2.2280084568463163,0.8766418045290932
J2234+0944,SPL,430.0,9.713621793609502,5.538714104356507,7.585556049237291,2.9598140477535555
J2256-1024,SPL,350.0,121.2500595054912,24.616277782260163,71.97325140317346,7.819861485758819
